cell	node	doublet
Cell_0	2	no
Cell_1	6	no
Cell_2	4	no
Cell_3	4	no
Cell_4	2	no
Cell_5	4	no
Cell_6	1	no
Cell_7	3	no
Cell_8	4	no
Cell_9	4	no
Cell_10	5	no
Cell_11	6	no
Cell_12	1	no
Cell_13	4	no
Cell_14	5	no
Cell_15	3	no
Cell_16	4	no
Cell_17	4	no
Cell_18	7	no
Cell_19	6	no
Cell_20	6	no
Cell_21	4	no
Cell_22	4	no
Cell_23	4	no
Cell_24	4	no
Cell_25	1	no
Cell_26	6	yes
Cell_27	1	no
Cell_28	3	no
Cell_29	1	no
Cell_30	3	no
Cell_31	3	no
Cell_32	6	no
Cell_33	3	no
Cell_34	3	no
Cell_35	5	no
Cell_36	4	no
Cell_37	4	no
Cell_38	1	no
Cell_39	7	no
Cell_40	4	no
Cell_41	4	no
Cell_42	4	no
Cell_43	1	no
Cell_44	6	no
Cell_45	7	yes
Cell_46	5	no
Cell_47	7	no
Cell_48	4	no
Cell_49	6	no
Cell_50	4	no
Cell_51	4	no
Cell_52	4	no
Cell_53	4	no
Cell_54	4	no
Cell_55	1	no
Cell_56	5	yes
Cell_57	4	no
Cell_58	3	no
Cell_59	5	no
Cell_60	3	no
Cell_61	5	no
Cell_62	6	no
Cell_63	6	no
Cell_64	3	no
Cell_65	5	no
Cell_66	4	no
Cell_67	6	no
Cell_68	1	no
Cell_69	4	no
Cell_70	4	no
Cell_71	1	no
Cell_72	6	no
Cell_73	3	no
Cell_74	4	no
Cell_75	6	no
Cell_76	1	no
Cell_77	4	no
Cell_78	5	no
Cell_79	4	no
Cell_80	4	no
Cell_81	4	no
Cell_82	4	no
Cell_83	4	no
Cell_84	2	no
Cell_85	7	no
Cell_86	1	no
Cell_87	1	no
Cell_88	4	no
Cell_89	4	no
Cell_90	1	no
Cell_91	7	no
Cell_92	6	no
Cell_93	3	no
Cell_94	7	no
Cell_95	3	no
Cell_96	7	no
Cell_97	3	no
Cell_98	3	no
Cell_99	4	no
Cell_100	4	no
Cell_101	5	no
Cell_102	4	no
Cell_103	3	no
Cell_104	1	no
Cell_105	2	no
Cell_106	3	no
Cell_107	2	no
Cell_108	1	no
Cell_109	5	no
Cell_110	3	no
Cell_111	3	no
Cell_112	4	no
Cell_113	3	no
Cell_114	3	no
Cell_115	3	no
Cell_116	3	no
Cell_117	3	no
Cell_118	1	no
Cell_119	3	no
Cell_120	3	no
Cell_121	4	no
Cell_122	4	no
Cell_123	4	no
Cell_124	4	no
Cell_125	4	no
Cell_126	4	no
Cell_127	1	no
Cell_128	3	no
Cell_129	4	no
Cell_130	1	no
Cell_131	3	no
Cell_132	1	no
Cell_133	4	no
Cell_134	1	yes
Cell_135	4	no
Cell_136	7	no
Cell_137	6	no
Cell_138	7	no
Cell_139	4	no
Cell_140	5	no
Cell_141	1	no
Cell_142	6	no
Cell_143	3	no
Cell_144	3	no
Cell_145	4	no
Cell_146	3	no
Cell_147	4	no
Cell_148	4	no
Cell_149	4	no
Cell_150	4	no
Cell_151	4	no
Cell_152	3	no
Cell_153	4	no
Cell_154	1	no
Cell_155	5	no
Cell_156	5	no
Cell_157	4	no
Cell_158	1	no
Cell_159	3	no
Cell_160	7	no
Cell_161	4	no
Cell_162	3	no
Cell_163	6	no
Cell_164	5	no
Cell_165	3	no
Cell_166	3	no
Cell_167	2	no
Cell_168	4	no
Cell_169	4	no
Cell_170	6	no
Cell_171	3	no
Cell_172	4	no
Cell_173	1	no
Cell_174	3	no
Cell_175	6	no
Cell_176	4	no
Cell_177	4	no
Cell_178	4	no
Cell_179	6	no
Cell_180	4	no
Cell_181	3	no
Cell_182	4	no
Cell_183	1	no
Cell_184	6	no
Cell_185	4	no
Cell_186	3	no
Cell_187	5	no
Cell_188	3	no
Cell_189	5	no
Cell_190	4	no
Cell_191	4	no
Cell_192	3	no
Cell_193	4	no
Cell_194	6	no
Cell_195	7	no
Cell_196	1	no
Cell_197	1	no
Cell_198	4	no
Cell_199	1	no
Cell_200	4	no
Cell_201	4	no
Cell_202	4	no
Cell_203	4	no
Cell_204	3	no
Cell_205	4	no
Cell_206	4	no
Cell_207	3	no
Cell_208	6	no
Cell_209	4	no
Cell_210	6	no
Cell_211	4	no
Cell_212	3	no
Cell_213	4	no
Cell_214	6	no
Cell_215	3	no
Cell_216	4	no
Cell_217	4	no
Cell_218	1	no
Cell_219	6	no
Cell_220	5	no
Cell_221	4	no
Cell_222	4	no
Cell_223	4	no
Cell_224	7	no
Cell_225	6	no
Cell_226	7	yes
Cell_227	1	no
Cell_228	4	no
Cell_229	4	no
Cell_230	7	yes
Cell_231	3	no
Cell_232	4	no
Cell_233	4	no
Cell_234	4	no
Cell_235	4	no
Cell_236	4	no
Cell_237	4	no
Cell_238	4	no
Cell_239	3	no
Cell_240	4	no
Cell_241	6	no
Cell_242	4	no
Cell_243	4	no
Cell_244	7	no
Cell_245	4	no
Cell_246	3	no
Cell_247	6	no
Cell_248	6	no
Cell_249	3	no
Cell_250	4	no
Cell_251	3	no
Cell_252	3	no
Cell_253	1	no
Cell_254	3	no
Cell_255	3	no
Cell_256	5	no
Cell_257	3	no
Cell_258	4	no
Cell_259	1	no
Cell_260	4	no
Cell_261	1	no
Cell_262	4	no
Cell_263	4	no
Cell_264	3	no
Cell_265	4	no
Cell_266	2	no
Cell_267	4	no
Cell_268	3	no
Cell_269	3	no
Cell_270	4	no
Cell_271	3	no
Cell_272	4	no
Cell_273	4	no
Cell_274	4	no
Cell_275	2	no
Cell_276	3	no
Cell_277	4	no
Cell_278	4	no
Cell_279	4	no
Cell_280	3	no
Cell_281	4	no
Cell_282	4	no
Cell_283	1	no
Cell_284	4	no
Cell_285	3	no
Cell_286	6	no
Cell_287	3	no
Cell_288	3	no
Cell_289	4	no
Cell_290	3	no
Cell_291	3	no
Cell_292	4	no
Cell_293	4	no
Cell_294	3	no
Cell_295	4	no
Cell_296	3	no
Cell_297	6	no
Cell_298	3	no
Cell_299	4	no
Cell_300	4	no
Cell_301	3	no
Cell_302	1	no
Cell_303	4	no
Cell_304	4	no
Cell_305	4	no
Cell_306	6	yes
Cell_307	2	no
Cell_308	4	no
Cell_309	5	no
Cell_310	7	no
Cell_311	4	no
Cell_312	3	no
Cell_313	4	no
Cell_314	3	no
Cell_315	1	no
Cell_316	4	no
Cell_317	6	no
Cell_318	4	no
Cell_319	6	no
Cell_320	3	no
Cell_321	4	no
Cell_322	3	no
Cell_323	6	no
Cell_324	3	no
Cell_325	4	no
Cell_326	1	no
Cell_327	4	no
Cell_328	4	no
Cell_329	4	no
Cell_330	7	yes
Cell_331	1	no
Cell_332	4	no
Cell_333	7	no
Cell_334	7	no
Cell_335	3	no
Cell_336	4	no
Cell_337	5	no
Cell_338	3	no
Cell_339	7	no
Cell_340	6	no
Cell_341	5	no
Cell_342	4	no
Cell_343	3	yes
Cell_344	3	no
Cell_345	4	no
Cell_346	6	no
Cell_347	3	no
Cell_348	6	no
Cell_349	3	no
Cell_350	4	no
Cell_351	2	no
Cell_352	3	no
Cell_353	3	no
Cell_354	7	no
Cell_355	4	no
Cell_356	4	no
Cell_357	6	no
Cell_358	4	no
Cell_359	4	no
Cell_360	4	no
Cell_361	3	no
Cell_362	3	no
Cell_363	3	no
Cell_364	5	no
Cell_365	3	no
Cell_366	2	no
Cell_367	3	no
Cell_368	4	no
Cell_369	4	no
Cell_370	4	no
Cell_371	3	no
Cell_372	3	no
Cell_373	4	no
Cell_374	4	no
Cell_375	4	no
Cell_376	4	no
Cell_377	4	no
Cell_378	4	no
Cell_379	1	no
Cell_380	6	no
Cell_381	2	no
Cell_382	7	no
Cell_383	5	no
Cell_384	6	no
Cell_385	1	no
Cell_386	1	no
Cell_387	6	no
Cell_388	3	no
Cell_389	3	no
Cell_390	3	no
Cell_391	4	no
Cell_392	7	no
Cell_393	3	no
Cell_394	4	no
Cell_395	3	no
Cell_396	6	no
Cell_397	3	no
Cell_398	4	no
Cell_399	4	no
Cell_400	3	no
Cell_401	4	no
Cell_402	4	no
Cell_403	3	no
Cell_404	3	no
Cell_405	6	no
Cell_406	3	no
Cell_407	3	no
Cell_408	4	no
Cell_409	4	no
Cell_410	3	no
Cell_411	7	no
Cell_412	1	no
Cell_413	4	no
Cell_414	6	no
Cell_415	4	no
Cell_416	1	yes
Cell_417	6	no
Cell_418	4	no
Cell_419	6	no
Cell_420	4	no
Cell_421	4	no
Cell_422	2	no
Cell_423	3	no
Cell_424	3	no
Cell_425	1	no
Cell_426	3	no
Cell_427	4	no
Cell_428	4	no
Cell_429	3	no
Cell_430	5	no
Cell_431	1	no
Cell_432	3	no
Cell_433	6	no
Cell_434	3	no
Cell_435	4	no
Cell_436	1	no
Cell_437	1	no
Cell_438	3	no
Cell_439	4	no
Cell_440	6	no
Cell_441	7	no
Cell_442	4	no
Cell_443	6	no
Cell_444	4	no
Cell_445	3	no
Cell_446	1	no
Cell_447	4	no
Cell_448	4	no
Cell_449	3	no
Cell_450	4	no
Cell_451	5	no
Cell_452	7	no
Cell_453	3	no
Cell_454	4	no
Cell_455	4	no
Cell_456	1	no
Cell_457	4	no
Cell_458	3	no
Cell_459	3	no
Cell_460	6	no
Cell_461	4	no
Cell_462	3	no
Cell_463	3	no
Cell_464	4	no
Cell_465	4	no
Cell_466	3	no
Cell_467	3	no
Cell_468	4	no
Cell_469	7	no
Cell_470	5	no
Cell_471	6	no
Cell_472	3	no
Cell_473	4	no
Cell_474	1	no
Cell_475	1	no
Cell_476	3	no
Cell_477	1	no
Cell_478	6	no
Cell_479	3	no
Cell_480	4	no
Cell_481	5	no
Cell_482	3	no
Cell_483	4	no
Cell_484	3	no
Cell_485	3	no
Cell_486	6	no
Cell_487	6	no
Cell_488	3	no
Cell_489	4	no
Cell_490	3	no
Cell_491	4	no
Cell_492	4	no
Cell_493	4	no
Cell_494	4	no
Cell_495	6	no
Cell_496	4	no
Cell_497	3	no
Cell_498	3	no
Cell_499	4	no
Cell_500	5	no
Cell_501	4	no
Cell_502	4	no
Cell_503	2	no
Cell_504	3	no
Cell_505	3	no
Cell_506	1	no
Cell_507	4	no
Cell_508	3	no
Cell_509	4	no
Cell_510	4	no
Cell_511	4	no
Cell_512	3	no
Cell_513	4	no
Cell_514	4	no
Cell_515	3	no
Cell_516	4	no
Cell_517	4	no
Cell_518	4	no
Cell_519	7	no
Cell_520	1	no
Cell_521	3	no
Cell_522	6	no
Cell_523	4	no
Cell_524	3	no
Cell_525	4	no
Cell_526	4	no
Cell_527	3	no
Cell_528	4	no
Cell_529	4	no
Cell_530	4	no
Cell_531	3	no
Cell_532	4	no
Cell_533	5	no
Cell_534	1	no
Cell_535	3	no
Cell_536	6	no
Cell_537	4	no
Cell_538	3	no
Cell_539	3	no
Cell_540	4	no
Cell_541	4	no
Cell_542	1	no
Cell_543	4	no
Cell_544	3	no
Cell_545	4	no
Cell_546	6	no
Cell_547	3	no
Cell_548	3	no
Cell_549	4	no
Cell_550	1	no
Cell_551	4	no
Cell_552	4	no
Cell_553	3	no
Cell_554	6	no
Cell_555	3	no
Cell_556	1	no
Cell_557	4	no
Cell_558	4	no
Cell_559	3	no
Cell_560	3	no
Cell_561	4	no
Cell_562	3	no
Cell_563	7	no
Cell_564	3	no
Cell_565	3	no
Cell_566	7	no
Cell_567	4	no
Cell_568	3	no
Cell_569	3	no
Cell_570	4	no
Cell_571	3	no
Cell_572	3	no
Cell_573	6	no
Cell_574	6	no
Cell_575	4	no
Cell_576	1	no
Cell_577	3	no
Cell_578	3	no
Cell_579	3	no
Cell_580	4	no
Cell_581	3	no
Cell_582	4	no
Cell_583	3	no
Cell_584	4	no
Cell_585	2	no
Cell_586	4	no
Cell_587	7	yes
Cell_588	3	no
Cell_589	3	no
Cell_590	1	no
Cell_591	3	no
Cell_592	1	no
Cell_593	4	no
Cell_594	4	no
Cell_595	3	no
Cell_596	6	no
Cell_597	4	no
Cell_598	4	no
Cell_599	1	no
Cell_600	4	no
Cell_601	6	no
Cell_602	5	no
Cell_603	7	no
Cell_604	4	no
Cell_605	4	no
Cell_606	3	no
Cell_607	5	no
Cell_608	4	no
Cell_609	4	no
Cell_610	4	no
Cell_611	1	no
Cell_612	5	no
Cell_613	3	no
Cell_614	4	no
Cell_615	4	no
Cell_616	4	no
Cell_617	4	no
Cell_618	3	no
Cell_619	4	no
Cell_620	1	no
Cell_621	1	no
Cell_622	4	no
Cell_623	3	no
Cell_624	3	no
Cell_625	1	no
Cell_626	3	no
Cell_627	6	no
Cell_628	4	no
Cell_629	5	no
Cell_630	1	no
Cell_631	6	no
Cell_632	3	no
Cell_633	5	no
Cell_634	4	no
Cell_635	4	no
Cell_636	3	no
Cell_637	3	no
Cell_638	3	no
Cell_639	1	no
Cell_640	4	no
Cell_641	6	no
Cell_642	4	no
Cell_643	4	no
Cell_644	3	no
Cell_645	4	no
Cell_646	1	yes
Cell_647	7	no
Cell_648	4	no
Cell_649	6	no
Cell_650	1	no
Cell_651	5	no
Cell_652	4	no
Cell_653	4	no
Cell_654	1	yes
Cell_655	1	no
Cell_656	3	no
Cell_657	4	no
Cell_658	6	no
Cell_659	4	no
Cell_660	1	no
Cell_661	3	no
Cell_662	4	no
Cell_663	3	no
Cell_664	3	no
Cell_665	1	no
Cell_666	4	no
Cell_667	4	no
Cell_668	6	no
Cell_669	3	no
Cell_670	4	yes
Cell_671	3	no
Cell_672	4	no
Cell_673	4	no
Cell_674	1	no
Cell_675	6	no
Cell_676	5	no
Cell_677	3	no
Cell_678	4	no
Cell_679	4	no
Cell_680	7	no
Cell_681	4	no
Cell_682	7	no
Cell_683	3	no
Cell_684	4	no
Cell_685	1	no
Cell_686	4	no
Cell_687	5	no
Cell_688	4	no
Cell_689	3	no
Cell_690	5	no
Cell_691	4	no
Cell_692	3	no
Cell_693	1	no
Cell_694	5	no
Cell_695	1	no
Cell_696	6	no
Cell_697	4	no
Cell_698	4	no
Cell_699	6	no
Cell_700	4	no
Cell_701	4	no
Cell_702	6	no
Cell_703	4	no
Cell_704	5	no
Cell_705	3	no
Cell_706	1	no
Cell_707	1	yes
Cell_708	1	no
Cell_709	4	no
Cell_710	2	no
Cell_711	4	no
Cell_712	3	no
Cell_713	4	no
Cell_714	6	no
Cell_715	5	no
Cell_716	7	no
Cell_717	5	no
Cell_718	3	no
Cell_719	4	no
Cell_720	4	no
Cell_721	4	no
Cell_722	4	no
Cell_723	4	no
Cell_724	4	no
Cell_725	4	no
Cell_726	5	no
Cell_727	3	no
Cell_728	3	no
Cell_729	4	no
Cell_730	7	no
Cell_731	3	no
Cell_732	3	no
Cell_733	4	no
Cell_734	3	no
Cell_735	3	no
Cell_736	3	no
Cell_737	1	no
Cell_738	3	no
Cell_739	5	yes
Cell_740	3	no
Cell_741	3	no
Cell_742	3	no
Cell_743	4	no
Cell_744	5	no
Cell_745	6	no
Cell_746	4	no
Cell_747	4	no
Cell_748	4	no
Cell_749	5	no
Cell_750	6	no
Cell_751	4	no
Cell_752	3	no
Cell_753	4	no
Cell_754	6	no
Cell_755	6	no
Cell_756	4	no
Cell_757	1	no
Cell_758	5	yes
Cell_759	3	no
Cell_760	4	no
Cell_761	4	no
Cell_762	1	no
Cell_763	4	no
Cell_764	3	no
Cell_765	6	no
Cell_766	4	no
Cell_767	4	no
Cell_768	4	no
Cell_769	4	no
Cell_770	4	no
Cell_771	3	no
Cell_772	3	no
Cell_773	4	no
Cell_774	7	no
Cell_775	3	no
Cell_776	4	no
Cell_777	1	no
Cell_778	3	no
Cell_779	4	no
Cell_780	4	no
Cell_781	3	no
Cell_782	5	yes
Cell_783	4	no
Cell_784	4	no
Cell_785	3	no
Cell_786	5	no
Cell_787	6	no
Cell_788	1	yes
Cell_789	3	no
Cell_790	4	no
Cell_791	1	no
Cell_792	4	no
Cell_793	4	no
Cell_794	4	no
Cell_795	3	no
Cell_796	4	no
Cell_797	2	no
Cell_798	4	no
Cell_799	3	no
Cell_800	4	no
Cell_801	4	no
Cell_802	3	no
Cell_803	3	no
Cell_804	4	no
Cell_805	4	no
Cell_806	3	no
Cell_807	4	no
Cell_808	1	no
Cell_809	1	no
Cell_810	2	no
Cell_811	4	no
Cell_812	4	no
Cell_813	4	no
Cell_814	3	no
Cell_815	4	no
Cell_816	4	no
Cell_817	3	no
Cell_818	4	no
Cell_819	7	no
Cell_820	4	no
Cell_821	4	no
Cell_822	5	no
Cell_823	3	no
Cell_824	4	no
Cell_825	6	no
Cell_826	4	no
Cell_827	4	no
Cell_828	4	no
Cell_829	4	no
Cell_830	2	no
Cell_831	4	no
Cell_832	7	no
Cell_833	3	no
Cell_834	3	no
Cell_835	1	no
Cell_836	3	no
Cell_837	1	no
Cell_838	3	no
Cell_839	4	no
Cell_840	6	no
Cell_841	3	no
Cell_842	4	no
Cell_843	6	no
Cell_844	4	no
Cell_845	4	no
Cell_846	1	no
Cell_847	5	no
Cell_848	5	no
Cell_849	3	no
Cell_850	7	no
Cell_851	7	no
Cell_852	4	no
Cell_853	4	no
Cell_854	3	no
Cell_855	4	no
Cell_856	4	no
Cell_857	3	no
Cell_858	3	no
Cell_859	3	no
Cell_860	3	no
Cell_861	1	no
Cell_862	6	no
Cell_863	4	no
Cell_864	2	yes
Cell_865	4	no
Cell_866	7	no
Cell_867	6	no
Cell_868	3	no
Cell_869	4	no
Cell_870	1	no
Cell_871	3	no
Cell_872	4	no
Cell_873	4	no
Cell_874	3	no
Cell_875	4	no
Cell_876	3	no
Cell_877	1	no
Cell_878	4	no
Cell_879	3	no
Cell_880	4	no
Cell_881	5	no
Cell_882	6	yes
Cell_883	3	no
Cell_884	4	no
Cell_885	4	no
Cell_886	4	no
Cell_887	3	no
Cell_888	4	no
Cell_889	1	no
Cell_890	4	no
Cell_891	4	no
Cell_892	4	no
Cell_893	4	no
Cell_894	1	no
Cell_895	3	no
Cell_896	3	no
Cell_897	4	no
Cell_898	4	no
Cell_899	4	no
Cell_900	4	no
Cell_901	6	no
Cell_902	6	no
Cell_903	4	no
Cell_904	6	no
Cell_905	2	no
Cell_906	6	no
Cell_907	4	no
Cell_908	1	no
Cell_909	4	no
Cell_910	3	no
Cell_911	4	no
Cell_912	3	no
Cell_913	1	no
Cell_914	1	no
Cell_915	3	no
Cell_916	4	no
Cell_917	4	no
Cell_918	5	no
Cell_919	4	no
Cell_920	3	no
Cell_921	4	no
Cell_922	1	no
Cell_923	4	no
Cell_924	4	no
Cell_925	4	no
Cell_926	7	no
Cell_927	1	no
Cell_928	2	yes
Cell_929	4	no
Cell_930	4	no
Cell_931	4	no
Cell_932	3	no
Cell_933	3	no
Cell_934	4	no
Cell_935	6	no
Cell_936	3	no
Cell_937	3	no
Cell_938	7	no
Cell_939	5	no
Cell_940	7	no
Cell_941	3	no
Cell_942	4	no
Cell_943	3	no
Cell_944	6	no
Cell_945	3	no
Cell_946	1	no
Cell_947	7	no
Cell_948	4	no
Cell_949	4	no
Cell_950	3	no
Cell_951	4	no
Cell_952	2	no
Cell_953	4	no
Cell_954	1	yes
Cell_955	1	no
Cell_956	3	no
Cell_957	3	no
Cell_958	5	no
Cell_959	3	no
Cell_960	4	no
Cell_961	4	no
Cell_962	1	no
Cell_963	4	no
Cell_964	4	no
Cell_965	4	no
Cell_966	4	no
Cell_967	3	no
Cell_968	5	no
Cell_969	3	no
Cell_970	1	no
Cell_971	3	no
Cell_972	3	no
Cell_973	3	no
Cell_974	5	no
Cell_975	4	no
Cell_976	4	no
Cell_977	3	no
Cell_978	4	no
Cell_979	6	no
Cell_980	7	yes
Cell_981	4	no
Cell_982	4	no
Cell_983	6	no
Cell_984	5	no
Cell_985	1	no
Cell_986	4	no
Cell_987	3	no
Cell_988	3	no
Cell_989	5	no
Cell_990	1	no
Cell_991	6	no
Cell_992	3	no
Cell_993	3	no
Cell_994	6	no
Cell_995	3	no
Cell_996	4	no
Cell_997	1	no
Cell_998	4	yes
Cell_999	7	no
Cell_1000	2	no
Cell_1001	2	no
Cell_1002	4	no
Cell_1003	1	no
Cell_1004	6	no
Cell_1005	6	no
Cell_1006	3	no
Cell_1007	6	no
Cell_1008	4	no
Cell_1009	6	no
Cell_1010	4	no
Cell_1011	3	no
Cell_1012	4	no
Cell_1013	1	no
Cell_1014	4	no
Cell_1015	4	no
Cell_1016	5	no
Cell_1017	3	no
Cell_1018	4	no
Cell_1019	3	no
Cell_1020	3	no
Cell_1021	1	no
Cell_1022	1	no
Cell_1023	4	no
Cell_1024	4	no
Cell_1025	4	no
Cell_1026	3	no
Cell_1027	3	no
Cell_1028	1	no
Cell_1029	3	no
Cell_1030	3	no
Cell_1031	4	no
Cell_1032	4	no
Cell_1033	3	no
Cell_1034	6	no
Cell_1035	1	no
Cell_1036	3	no
Cell_1037	1	no
Cell_1038	3	no
Cell_1039	3	no
Cell_1040	3	no
Cell_1041	5	no
Cell_1042	4	no
Cell_1043	6	no
Cell_1044	7	no
Cell_1045	3	no
Cell_1046	6	no
Cell_1047	4	no
Cell_1048	1	no
Cell_1049	1	no
Cell_1050	4	no
Cell_1051	3	no
Cell_1052	4	no
Cell_1053	3	no
Cell_1054	3	no
Cell_1055	3	no
Cell_1056	3	no
Cell_1057	4	no
Cell_1058	6	no
Cell_1059	3	no
Cell_1060	3	no
Cell_1061	3	no
Cell_1062	4	no
Cell_1063	2	no
Cell_1064	3	no
Cell_1065	4	no
Cell_1066	4	no
Cell_1067	3	no
Cell_1068	3	no
Cell_1069	3	no
Cell_1070	4	no
Cell_1071	4	no
Cell_1072	6	no
Cell_1073	3	no
Cell_1074	3	no
Cell_1075	3	no
Cell_1076	4	no
Cell_1077	3	no
Cell_1078	3	no
Cell_1079	6	no
Cell_1080	4	no
Cell_1081	6	no
Cell_1082	4	no
Cell_1083	3	no
Cell_1084	6	no
Cell_1085	5	no
Cell_1086	7	no
Cell_1087	4	no
Cell_1088	4	no
Cell_1089	4	no
Cell_1090	1	no
Cell_1091	3	no
Cell_1092	4	no
Cell_1093	4	no
Cell_1094	4	no
Cell_1095	4	no
Cell_1096	3	no
Cell_1097	3	no
Cell_1098	4	no
Cell_1099	4	no
Cell_1100	4	no
Cell_1101	3	no
Cell_1102	6	no
Cell_1103	1	no
Cell_1104	7	yes
Cell_1105	3	no
Cell_1106	4	no
Cell_1107	4	no
Cell_1108	5	no
Cell_1109	3	no
Cell_1110	4	no
Cell_1111	6	no
Cell_1112	1	no
Cell_1113	1	no
Cell_1114	7	yes
Cell_1115	4	no
Cell_1116	6	no
Cell_1117	4	no
Cell_1118	4	no
Cell_1119	4	no
Cell_1120	4	no
Cell_1121	3	no
Cell_1122	4	no
Cell_1123	3	no
Cell_1124	3	no
Cell_1125	1	yes
Cell_1126	3	no
Cell_1127	3	no
Cell_1128	3	no
Cell_1129	4	no
Cell_1130	1	no
Cell_1131	4	no
Cell_1132	3	no
Cell_1133	3	no
Cell_1134	6	no
Cell_1135	3	no
Cell_1136	4	no
Cell_1137	3	no
Cell_1138	1	no
Cell_1139	3	no
Cell_1140	1	no
Cell_1141	6	no
Cell_1142	1	no
Cell_1143	3	no
Cell_1144	6	no
Cell_1145	3	no
Cell_1146	6	no
Cell_1147	4	no
Cell_1148	4	no
Cell_1149	3	no
Cell_1150	5	no
Cell_1151	4	no
Cell_1152	3	no
Cell_1153	4	no
Cell_1154	4	no
Cell_1155	3	no
Cell_1156	3	no
Cell_1157	4	no
Cell_1158	4	no
Cell_1159	4	no
Cell_1160	4	no
Cell_1161	1	no
Cell_1162	5	no
Cell_1163	1	no
Cell_1164	1	no
Cell_1165	5	no
Cell_1166	1	no
Cell_1167	4	no
Cell_1168	2	no
Cell_1169	3	no
Cell_1170	4	no
Cell_1171	3	no
Cell_1172	3	no
Cell_1173	4	no
Cell_1174	3	no
Cell_1175	1	no
Cell_1176	3	no
Cell_1177	4	no
Cell_1178	6	no
Cell_1179	1	no
Cell_1180	3	no
Cell_1181	4	no
Cell_1182	6	no
Cell_1183	6	no
Cell_1184	4	no
Cell_1185	5	no
Cell_1186	4	no
Cell_1187	4	no
Cell_1188	3	no
Cell_1189	3	no
Cell_1190	7	no
Cell_1191	4	no
Cell_1192	1	no
Cell_1193	3	no
Cell_1194	6	no
Cell_1195	6	no
Cell_1196	4	no
Cell_1197	3	no
Cell_1198	7	no
Cell_1199	3	yes
Cell_1200	4	no
Cell_1201	3	no
Cell_1202	6	no
Cell_1203	5	no
Cell_1204	4	no
Cell_1205	4	no
Cell_1206	4	no
Cell_1207	4	no
Cell_1208	4	no
Cell_1209	1	no
Cell_1210	1	no
Cell_1211	3	no
Cell_1212	3	no
Cell_1213	4	no
Cell_1214	5	no
Cell_1215	4	no
Cell_1216	6	no
Cell_1217	4	no
Cell_1218	3	no
Cell_1219	4	no
Cell_1220	3	no
Cell_1221	4	no
Cell_1222	3	no
Cell_1223	3	no
Cell_1224	4	no
Cell_1225	1	no
Cell_1226	1	no
Cell_1227	6	no
Cell_1228	4	no
Cell_1229	4	no
Cell_1230	3	no
Cell_1231	4	no
Cell_1232	3	no
Cell_1233	4	no
Cell_1234	4	no
Cell_1235	4	no
Cell_1236	3	no
Cell_1237	7	yes
Cell_1238	4	no
Cell_1239	1	no
Cell_1240	3	no
Cell_1241	3	no
Cell_1242	1	no
Cell_1243	6	no
Cell_1244	4	no
Cell_1245	4	no
Cell_1246	5	no
Cell_1247	4	no
Cell_1248	4	no
Cell_1249	1	no
Cell_1250	4	no
Cell_1251	3	no
Cell_1252	4	no
Cell_1253	6	no
Cell_1254	4	no
Cell_1255	1	no
Cell_1256	6	no
Cell_1257	1	no
Cell_1258	4	no
Cell_1259	4	no
Cell_1260	5	no
Cell_1261	7	no
Cell_1262	3	no
Cell_1263	3	no
Cell_1264	6	no
Cell_1265	4	no
Cell_1266	3	no
Cell_1267	3	no
Cell_1268	2	no
Cell_1269	6	no
Cell_1270	3	no
Cell_1271	3	no
Cell_1272	4	no
Cell_1273	6	no
Cell_1274	4	no
Cell_1275	4	no
Cell_1276	4	no
Cell_1277	1	no
Cell_1278	4	no
Cell_1279	4	no
Cell_1280	4	no
Cell_1281	6	no
Cell_1282	7	yes
Cell_1283	4	no
Cell_1284	3	no
Cell_1285	7	no
Cell_1286	4	no
Cell_1287	7	yes
Cell_1288	4	no
Cell_1289	5	no
Cell_1290	4	no
Cell_1291	4	no
Cell_1292	4	no
Cell_1293	6	no
Cell_1294	3	no
Cell_1295	4	no
Cell_1296	1	no
Cell_1297	6	no
Cell_1298	3	no
Cell_1299	5	no
Cell_1300	4	no
Cell_1301	4	no
Cell_1302	4	no
Cell_1303	3	no
Cell_1304	4	no
Cell_1305	4	no
Cell_1306	6	no
Cell_1307	6	no
Cell_1308	4	no
Cell_1309	4	no
Cell_1310	4	no
Cell_1311	4	no
Cell_1312	4	no
Cell_1313	4	no
Cell_1314	3	no
Cell_1315	3	no
Cell_1316	4	no
Cell_1317	4	no
Cell_1318	3	no
Cell_1319	4	no
Cell_1320	4	no
Cell_1321	4	no
Cell_1322	6	no
Cell_1323	5	no
Cell_1324	3	no
Cell_1325	3	no
Cell_1326	3	no
Cell_1327	4	no
Cell_1328	1	no
Cell_1329	6	no
Cell_1330	3	no
Cell_1331	3	no
Cell_1332	5	no
Cell_1333	5	no
Cell_1334	2	no
Cell_1335	4	no
Cell_1336	5	no
Cell_1337	3	no
Cell_1338	3	no
Cell_1339	4	no
Cell_1340	7	no
Cell_1341	3	no
Cell_1342	3	no
Cell_1343	1	no
Cell_1344	4	no
Cell_1345	3	no
Cell_1346	4	no
Cell_1347	1	no
Cell_1348	6	no
Cell_1349	4	no
Cell_1350	4	no
Cell_1351	4	no
Cell_1352	4	no
Cell_1353	4	no
Cell_1354	3	no
Cell_1355	1	no
Cell_1356	4	no
Cell_1357	4	no
Cell_1358	4	no
Cell_1359	6	no
Cell_1360	1	no
Cell_1361	4	no
Cell_1362	4	no
Cell_1363	6	no
Cell_1364	4	no
Cell_1365	4	no
Cell_1366	4	no
Cell_1367	4	no
Cell_1368	4	no
Cell_1369	4	no
Cell_1370	6	no
Cell_1371	1	no
Cell_1372	5	no
Cell_1373	7	no
Cell_1374	3	no
Cell_1375	3	no
Cell_1376	3	no
Cell_1377	3	no
Cell_1378	1	no
Cell_1379	4	no
Cell_1380	3	no
Cell_1381	4	no
Cell_1382	3	no
Cell_1383	4	no
Cell_1384	7	no
Cell_1385	3	no
Cell_1386	5	no
Cell_1387	3	no
Cell_1388	2	no
Cell_1389	1	no
Cell_1390	4	no
Cell_1391	3	no
Cell_1392	3	no
Cell_1393	4	no
Cell_1394	6	no
Cell_1395	3	no
Cell_1396	3	no
Cell_1397	4	no
Cell_1398	1	no
Cell_1399	7	no
Cell_1400	4	no
Cell_1401	4	no
Cell_1402	1	no
Cell_1403	6	no
Cell_1404	6	no
Cell_1405	3	no
Cell_1406	7	no
Cell_1407	3	no
Cell_1408	1	no
Cell_1409	3	no
Cell_1410	3	no
Cell_1411	6	no
Cell_1412	3	no
Cell_1413	4	no
Cell_1414	4	no
Cell_1415	4	no
Cell_1416	3	no
Cell_1417	5	no
Cell_1418	3	no
Cell_1419	3	no
Cell_1420	4	no
Cell_1421	4	no
Cell_1422	4	no
Cell_1423	1	no
Cell_1424	1	no
Cell_1425	3	no
Cell_1426	4	no
Cell_1427	4	no
Cell_1428	4	no
Cell_1429	3	no
Cell_1430	4	no
Cell_1431	5	no
Cell_1432	3	no
Cell_1433	3	no
Cell_1434	6	no
Cell_1435	3	no
Cell_1436	7	no
Cell_1437	3	no
Cell_1438	4	no
Cell_1439	4	no
Cell_1440	1	no
Cell_1441	1	no
Cell_1442	4	no
Cell_1443	3	no
Cell_1444	5	no
Cell_1445	1	no
Cell_1446	1	no
Cell_1447	4	no
Cell_1448	3	no
Cell_1449	5	no
Cell_1450	1	yes
Cell_1451	4	no
Cell_1452	6	no
Cell_1453	3	no
Cell_1454	1	no
Cell_1455	3	no
Cell_1456	3	no
Cell_1457	4	no
Cell_1458	4	no
Cell_1459	4	no
Cell_1460	1	no
Cell_1461	4	no
Cell_1462	3	no
Cell_1463	1	no
Cell_1464	3	no
Cell_1465	5	no
Cell_1466	5	yes
Cell_1467	4	no
Cell_1468	4	no
Cell_1469	4	no
Cell_1470	4	no
Cell_1471	3	no
Cell_1472	3	no
Cell_1473	4	no
Cell_1474	4	no
Cell_1475	4	no
Cell_1476	4	no
Cell_1477	3	no
Cell_1478	6	no
Cell_1479	3	no
Cell_1480	3	no
Cell_1481	4	no
Cell_1482	3	no
Cell_1483	1	no
Cell_1484	1	no
Cell_1485	6	no
Cell_1486	5	no
Cell_1487	6	no
Cell_1488	4	no
Cell_1489	1	no
Cell_1490	5	no
Cell_1491	3	no
Cell_1492	4	no
Cell_1493	1	no
Cell_1494	5	no
Cell_1495	3	no
Cell_1496	4	no
Cell_1497	3	no
Cell_1498	3	no
Cell_1499	1	no
Cell_1500	7	yes
Cell_1501	4	no
Cell_1502	7	no
Cell_1503	3	no
Cell_1504	3	no
Cell_1505	3	no
Cell_1506	4	no
Cell_1507	6	no
Cell_1508	1	no
Cell_1509	4	no
Cell_1510	1	no
Cell_1511	1	no
Cell_1512	3	no
Cell_1513	4	no
Cell_1514	7	no
Cell_1515	4	no
Cell_1516	4	no
Cell_1517	4	no
Cell_1518	6	no
Cell_1519	1	yes
Cell_1520	1	no
Cell_1521	1	no
Cell_1522	6	no
Cell_1523	6	no
Cell_1524	4	no
Cell_1525	3	no
Cell_1526	1	no
Cell_1527	3	no
Cell_1528	4	no
Cell_1529	5	no
Cell_1530	4	no
Cell_1531	1	no
Cell_1532	6	no
Cell_1533	4	no
Cell_1534	4	no
Cell_1535	6	no
Cell_1536	4	no
Cell_1537	1	no
Cell_1538	4	no
Cell_1539	4	no
Cell_1540	6	no
Cell_1541	1	no
Cell_1542	1	no
Cell_1543	6	no
Cell_1544	3	no
Cell_1545	4	no
Cell_1546	6	no
Cell_1547	4	no
Cell_1548	4	no
Cell_1549	1	no
Cell_1550	7	no
Cell_1551	4	no
Cell_1552	1	no
Cell_1553	4	no
Cell_1554	7	no
Cell_1555	3	no
Cell_1556	4	no
Cell_1557	1	no
Cell_1558	3	no
Cell_1559	3	no
Cell_1560	3	no
Cell_1561	3	no
Cell_1562	4	no
Cell_1563	3	no
Cell_1564	6	no
Cell_1565	4	no
Cell_1566	6	no
Cell_1567	6	no
Cell_1568	4	no
Cell_1569	1	no
Cell_1570	4	no
Cell_1571	3	no
Cell_1572	4	no
Cell_1573	4	no
Cell_1574	4	no
Cell_1575	4	no
Cell_1576	3	no
Cell_1577	4	no
Cell_1578	6	no
Cell_1579	1	no
Cell_1580	4	no
Cell_1581	3	no
Cell_1582	3	no
Cell_1583	1	no
Cell_1584	3	no
Cell_1585	4	no
Cell_1586	4	no
Cell_1587	3	no
Cell_1588	3	no
Cell_1589	1	no
Cell_1590	4	no
Cell_1591	5	no
Cell_1592	4	no
Cell_1593	2	no
Cell_1594	1	no
Cell_1595	3	no
Cell_1596	1	no
Cell_1597	4	no
Cell_1598	1	no
Cell_1599	5	no
Cell_1600	3	no
Cell_1601	7	no
Cell_1602	3	no
Cell_1603	1	no
Cell_1604	3	no
Cell_1605	5	no
Cell_1606	6	no
Cell_1607	3	no
Cell_1608	3	no
Cell_1609	3	no
Cell_1610	1	no
Cell_1611	1	no
Cell_1612	4	no
Cell_1613	4	no
Cell_1614	4	no
Cell_1615	7	no
Cell_1616	1	no
Cell_1617	6	no
Cell_1618	4	no
Cell_1619	4	no
Cell_1620	6	no
Cell_1621	5	no
Cell_1622	7	no
Cell_1623	4	no
Cell_1624	4	no
Cell_1625	3	no
Cell_1626	3	no
Cell_1627	6	no
Cell_1628	6	no
Cell_1629	3	no
Cell_1630	3	no
Cell_1631	4	no
Cell_1632	4	no
Cell_1633	4	no
Cell_1634	4	no
Cell_1635	4	no
Cell_1636	6	no
Cell_1637	4	no
Cell_1638	4	no
Cell_1639	5	no
Cell_1640	4	no
Cell_1641	1	no
Cell_1642	6	no
Cell_1643	4	no
Cell_1644	4	no
Cell_1645	4	no
Cell_1646	4	no
Cell_1647	3	no
Cell_1648	3	no
Cell_1649	5	no
Cell_1650	1	no
Cell_1651	3	no
Cell_1652	4	no
Cell_1653	3	no
Cell_1654	4	no
Cell_1655	3	no
Cell_1656	4	no
Cell_1657	6	no
Cell_1658	4	no
Cell_1659	6	no
Cell_1660	6	no
Cell_1661	4	no
Cell_1662	6	no
Cell_1663	1	no
Cell_1664	6	no
Cell_1665	4	no
Cell_1666	3	no
Cell_1667	4	no
Cell_1668	1	no
Cell_1669	3	no
Cell_1670	3	no
Cell_1671	1	no
Cell_1672	6	no
Cell_1673	3	no
Cell_1674	1	no
Cell_1675	6	no
Cell_1676	3	no
Cell_1677	4	no
Cell_1678	6	no
Cell_1679	6	no
Cell_1680	6	no
Cell_1681	1	no
Cell_1682	4	no
Cell_1683	4	no
Cell_1684	3	no
Cell_1685	1	no
Cell_1686	6	no
Cell_1687	4	no
Cell_1688	1	no
Cell_1689	6	no
Cell_1690	3	no
Cell_1691	3	no
Cell_1692	6	no
Cell_1693	1	no
Cell_1694	4	no
Cell_1695	3	no
Cell_1696	3	no
Cell_1697	4	no
Cell_1698	4	no
Cell_1699	3	no
Cell_1700	3	no
Cell_1701	1	no
Cell_1702	4	no
Cell_1703	4	no
Cell_1704	1	no
Cell_1705	7	no
Cell_1706	3	no
Cell_1707	1	no
Cell_1708	3	no
Cell_1709	1	no
Cell_1710	3	no
Cell_1711	4	no
Cell_1712	3	no
Cell_1713	1	no
Cell_1714	6	no
Cell_1715	5	no
Cell_1716	4	no
Cell_1717	4	no
Cell_1718	1	yes
Cell_1719	3	no
Cell_1720	5	no
Cell_1721	4	no
Cell_1722	3	no
Cell_1723	3	no
Cell_1724	4	no
Cell_1725	4	no
Cell_1726	4	no
Cell_1727	3	no
Cell_1728	4	no
Cell_1729	6	no
Cell_1730	4	no
Cell_1731	4	no
Cell_1732	4	no
Cell_1733	4	no
Cell_1734	4	no
Cell_1735	4	no
Cell_1736	4	no
Cell_1737	4	no
Cell_1738	6	no
Cell_1739	1	no
Cell_1740	3	no
Cell_1741	4	no
Cell_1742	3	no
Cell_1743	4	no
Cell_1744	3	no
Cell_1745	4	no
Cell_1746	1	no
Cell_1747	6	no
Cell_1748	3	no
Cell_1749	4	no
Cell_1750	4	no
Cell_1751	4	no
Cell_1752	3	no
Cell_1753	4	no
Cell_1754	1	no
Cell_1755	6	no
Cell_1756	4	no
Cell_1757	6	no
Cell_1758	5	no
Cell_1759	4	no
Cell_1760	3	no
Cell_1761	4	no
Cell_1762	3	no
Cell_1763	1	no
Cell_1764	6	no
Cell_1765	7	no
Cell_1766	3	no
Cell_1767	6	no
Cell_1768	5	no
Cell_1769	4	no
Cell_1770	1	no
Cell_1771	3	no
Cell_1772	7	no
Cell_1773	3	no
Cell_1774	6	no
Cell_1775	7	no
Cell_1776	4	no
Cell_1777	4	no
Cell_1778	7	yes
Cell_1779	3	no
Cell_1780	4	no
Cell_1781	6	no
Cell_1782	4	no
Cell_1783	4	no
Cell_1784	4	no
Cell_1785	3	no
Cell_1786	1	no
Cell_1787	4	no
Cell_1788	1	no
Cell_1789	2	no
Cell_1790	7	no
Cell_1791	3	no
Cell_1792	3	no
Cell_1793	3	yes
Cell_1794	3	no
Cell_1795	6	no
Cell_1796	4	no
Cell_1797	7	no
Cell_1798	4	no
Cell_1799	3	no
Cell_1800	4	no
Cell_1801	7	no
Cell_1802	4	no
Cell_1803	4	no
Cell_1804	1	no
Cell_1805	3	no
Cell_1806	1	no
Cell_1807	3	no
Cell_1808	4	no
Cell_1809	1	no
Cell_1810	3	no
Cell_1811	4	no
Cell_1812	3	no
Cell_1813	7	no
Cell_1814	4	no
Cell_1815	3	no
Cell_1816	3	no
Cell_1817	3	no
Cell_1818	3	no
Cell_1819	1	no
Cell_1820	4	no
Cell_1821	5	no
Cell_1822	3	no
Cell_1823	3	no
Cell_1824	4	no
Cell_1825	3	no
Cell_1826	4	no
Cell_1827	1	no
Cell_1828	5	no
Cell_1829	4	no
Cell_1830	4	no
Cell_1831	3	no
Cell_1832	4	no
Cell_1833	6	no
Cell_1834	7	no
Cell_1835	4	no
Cell_1836	4	no
Cell_1837	3	no
Cell_1838	1	no
Cell_1839	6	no
Cell_1840	1	no
Cell_1841	4	no
Cell_1842	6	no
Cell_1843	3	no
Cell_1844	1	no
Cell_1845	4	no
Cell_1846	3	no
Cell_1847	7	no
Cell_1848	3	no
Cell_1849	4	no
Cell_1850	4	no
Cell_1851	1	no
Cell_1852	3	no
Cell_1853	6	no
Cell_1854	6	no
Cell_1855	7	no
Cell_1856	3	no
Cell_1857	5	no
Cell_1858	4	no
Cell_1859	3	no
Cell_1860	6	no
Cell_1861	1	no
Cell_1862	4	no
Cell_1863	5	no
Cell_1864	5	no
Cell_1865	3	no
Cell_1866	3	no
Cell_1867	3	no
Cell_1868	3	no
Cell_1869	3	no
Cell_1870	3	no
Cell_1871	4	no
Cell_1872	2	yes
Cell_1873	3	no
Cell_1874	4	no
Cell_1875	3	no
Cell_1876	6	no
Cell_1877	4	no
Cell_1878	6	no
Cell_1879	1	no
Cell_1880	2	no
Cell_1881	1	no
Cell_1882	4	no
Cell_1883	4	no
Cell_1884	4	no
Cell_1885	3	no
Cell_1886	4	no
Cell_1887	1	no
Cell_1888	5	no
Cell_1889	1	no
Cell_1890	4	no
Cell_1891	4	no
Cell_1892	3	no
Cell_1893	7	no
Cell_1894	4	no
Cell_1895	1	no
Cell_1896	4	no
Cell_1897	3	no
Cell_1898	3	no
Cell_1899	1	no
Cell_1900	2	no
Cell_1901	6	no
Cell_1902	1	no
Cell_1903	4	no
Cell_1904	1	no
Cell_1905	4	no
Cell_1906	6	no
Cell_1907	5	no
Cell_1908	6	no
Cell_1909	3	no
Cell_1910	4	no
Cell_1911	4	no
Cell_1912	7	no
Cell_1913	4	no
Cell_1914	4	no
Cell_1915	4	no
Cell_1916	4	no
Cell_1917	3	no
Cell_1918	5	yes
Cell_1919	4	no
Cell_1920	1	no
Cell_1921	7	no
Cell_1922	3	no
Cell_1923	3	no
Cell_1924	4	no
Cell_1925	4	no
Cell_1926	3	no
Cell_1927	3	no
Cell_1928	5	no
Cell_1929	4	no
Cell_1930	1	no
Cell_1931	1	yes
Cell_1932	3	no
Cell_1933	4	no
Cell_1934	4	no
Cell_1935	2	no
Cell_1936	4	no
Cell_1937	3	no
Cell_1938	4	no
Cell_1939	3	no
Cell_1940	4	yes
Cell_1941	4	no
Cell_1942	4	no
Cell_1943	4	no
Cell_1944	3	no
Cell_1945	4	no
Cell_1946	5	no
Cell_1947	3	no
Cell_1948	4	no
Cell_1949	3	no
Cell_1950	4	no
Cell_1951	1	no
Cell_1952	3	no
Cell_1953	3	no
Cell_1954	4	no
Cell_1955	6	no
Cell_1956	3	no
Cell_1957	3	no
Cell_1958	7	yes
Cell_1959	4	no
Cell_1960	6	no
Cell_1961	5	no
Cell_1962	4	no
Cell_1963	1	no
Cell_1964	4	no
Cell_1965	4	no
Cell_1966	3	no
Cell_1967	4	no
Cell_1968	5	no
Cell_1969	4	no
Cell_1970	3	no
Cell_1971	4	no
Cell_1972	6	no
Cell_1973	3	no
Cell_1974	4	no
Cell_1975	4	no
Cell_1976	6	no
Cell_1977	1	no
Cell_1978	4	no
Cell_1979	3	no
Cell_1980	6	no
Cell_1981	4	no
Cell_1982	3	no
Cell_1983	1	no
Cell_1984	3	no
Cell_1985	3	no
Cell_1986	1	no
Cell_1987	4	no
Cell_1988	4	no
Cell_1989	3	no
Cell_1990	5	no
Cell_1991	4	no
Cell_1992	6	no
Cell_1993	4	no
Cell_1994	4	yes
Cell_1995	4	no
Cell_1996	3	no
Cell_1997	4	no
Cell_1998	6	no
Cell_1999	3	no
Cell_2000	3	no
Cell_2001	4	no
Cell_2002	5	no
Cell_2003	3	no
Cell_2004	3	no
Cell_2005	4	no
Cell_2006	2	yes
Cell_2007	1	no
Cell_2008	4	no
Cell_2009	3	no
Cell_2010	3	no
Cell_2011	5	no
Cell_2012	2	no
Cell_2013	3	no
Cell_2014	3	no
Cell_2015	4	no
Cell_2016	4	no
Cell_2017	4	no
Cell_2018	6	no
Cell_2019	3	no
Cell_2020	4	no
Cell_2021	3	no
Cell_2022	4	no
Cell_2023	3	no
Cell_2024	4	no
Cell_2025	3	no
Cell_2026	4	no
Cell_2027	6	no
Cell_2028	3	no
Cell_2029	6	no
Cell_2030	4	no
Cell_2031	4	no
Cell_2032	4	no
Cell_2033	3	no
Cell_2034	3	no
Cell_2035	4	no
Cell_2036	4	no
Cell_2037	4	no
Cell_2038	4	no
Cell_2039	3	no
Cell_2040	6	no
Cell_2041	4	no
Cell_2042	4	no
Cell_2043	3	no
Cell_2044	4	no
Cell_2045	6	no
Cell_2046	4	no
Cell_2047	5	no
Cell_2048	1	no
Cell_2049	4	no
Cell_2050	3	no
Cell_2051	4	no
Cell_2052	5	no
Cell_2053	4	no
Cell_2054	4	no
Cell_2055	3	no
Cell_2056	6	no
Cell_2057	3	no
Cell_2058	6	no
Cell_2059	4	no
Cell_2060	4	no
Cell_2061	3	no
Cell_2062	1	no
Cell_2063	4	no
Cell_2064	4	no
Cell_2065	3	no
Cell_2066	3	no
Cell_2067	3	no
Cell_2068	5	yes
Cell_2069	4	no
Cell_2070	4	no
Cell_2071	6	no
Cell_2072	3	no
Cell_2073	3	no
Cell_2074	4	no
Cell_2075	3	no
Cell_2076	3	no
Cell_2077	1	no
Cell_2078	4	no
Cell_2079	5	no
Cell_2080	1	yes
Cell_2081	4	no
Cell_2082	4	no
Cell_2083	2	no
Cell_2084	1	no
Cell_2085	3	no
Cell_2086	3	no
Cell_2087	1	no
Cell_2088	6	no
Cell_2089	6	no
Cell_2090	7	no
Cell_2091	4	no
Cell_2092	5	no
Cell_2093	4	no
Cell_2094	6	no
Cell_2095	4	no
Cell_2096	4	no
Cell_2097	3	no
Cell_2098	5	no
Cell_2099	1	no
Cell_2100	1	yes
Cell_2101	4	no
Cell_2102	1	no
Cell_2103	3	no
Cell_2104	3	no
Cell_2105	4	no
Cell_2106	3	no
Cell_2107	3	no
Cell_2108	4	no
Cell_2109	3	no
Cell_2110	6	no
Cell_2111	6	no
Cell_2112	4	no
Cell_2113	4	no
Cell_2114	4	no
Cell_2115	3	no
Cell_2116	4	no
Cell_2117	4	no
Cell_2118	5	no
Cell_2119	4	no
Cell_2120	1	no
Cell_2121	3	no
Cell_2122	3	no
Cell_2123	1	no
Cell_2124	4	no
Cell_2125	7	yes
Cell_2126	4	no
Cell_2127	5	no
Cell_2128	3	no
Cell_2129	1	no
Cell_2130	3	no
Cell_2131	4	no
Cell_2132	1	no
Cell_2133	3	no
Cell_2134	4	no
Cell_2135	3	no
Cell_2136	5	no
Cell_2137	4	no
Cell_2138	2	no
Cell_2139	5	no
Cell_2140	4	no
Cell_2141	4	no
Cell_2142	3	yes
Cell_2143	3	no
Cell_2144	4	no
Cell_2145	1	no
Cell_2146	6	no
Cell_2147	3	no
Cell_2148	7	no
Cell_2149	4	no
Cell_2150	1	no
Cell_2151	6	no
Cell_2152	2	no
Cell_2153	4	no
Cell_2154	4	no
Cell_2155	4	no
Cell_2156	3	no
Cell_2157	4	no
Cell_2158	6	no
Cell_2159	4	no
Cell_2160	4	no
Cell_2161	3	no
Cell_2162	6	no
Cell_2163	6	no
Cell_2164	4	no
Cell_2165	1	no
Cell_2166	3	no
Cell_2167	4	no
Cell_2168	3	no
Cell_2169	3	no
Cell_2170	4	no
Cell_2171	1	no
Cell_2172	3	no
Cell_2173	3	no
Cell_2174	4	no
Cell_2175	3	no
Cell_2176	5	no
Cell_2177	3	no
Cell_2178	6	no
Cell_2179	4	no
Cell_2180	4	no
Cell_2181	4	no
Cell_2182	4	no
Cell_2183	4	no
Cell_2184	4	no
Cell_2185	4	no
Cell_2186	4	no
Cell_2187	6	no
Cell_2188	4	no
Cell_2189	4	no
Cell_2190	4	no
Cell_2191	1	no
Cell_2192	6	no
Cell_2193	6	no
Cell_2194	4	no
Cell_2195	4	no
Cell_2196	1	no
Cell_2197	1	no
Cell_2198	1	no
Cell_2199	1	no
Cell_2200	5	no
Cell_2201	4	no
Cell_2202	4	no
Cell_2203	6	no
Cell_2204	7	no
Cell_2205	4	no
Cell_2206	4	no
Cell_2207	5	no
Cell_2208	4	no
Cell_2209	3	no
Cell_2210	4	no
Cell_2211	3	no
Cell_2212	3	no
Cell_2213	3	no
Cell_2214	3	no
Cell_2215	6	no
Cell_2216	3	no
Cell_2217	3	no
Cell_2218	3	no
Cell_2219	3	no
Cell_2220	5	no
Cell_2221	3	no
Cell_2222	4	no
Cell_2223	4	no
Cell_2224	3	no
Cell_2225	4	no
Cell_2226	4	no
Cell_2227	1	no
Cell_2228	1	no
Cell_2229	4	no
Cell_2230	4	no
Cell_2231	3	no
Cell_2232	3	no
Cell_2233	4	no
Cell_2234	3	no
Cell_2235	1	no
Cell_2236	5	no
Cell_2237	6	no
Cell_2238	4	no
Cell_2239	6	no
Cell_2240	4	no
Cell_2241	3	no
Cell_2242	4	no
Cell_2243	4	no
Cell_2244	3	no
Cell_2245	3	no
Cell_2246	3	no
Cell_2247	4	no
Cell_2248	6	no
Cell_2249	5	no
Cell_2250	6	no
Cell_2251	1	no
Cell_2252	1	no
Cell_2253	1	no
Cell_2254	4	no
Cell_2255	4	no
Cell_2256	4	no
Cell_2257	4	no
Cell_2258	6	no
Cell_2259	4	no
Cell_2260	2	no
Cell_2261	4	no
Cell_2262	1	no
Cell_2263	4	no
Cell_2264	6	no
Cell_2265	4	no
Cell_2266	4	no
Cell_2267	5	no
Cell_2268	3	no
Cell_2269	4	no
Cell_2270	4	no
Cell_2271	3	no
Cell_2272	4	no
Cell_2273	5	yes
Cell_2274	4	no
Cell_2275	3	no
Cell_2276	4	no
Cell_2277	4	no
Cell_2278	3	no
Cell_2279	5	no
Cell_2280	4	no
Cell_2281	4	no
Cell_2282	3	no
Cell_2283	7	no
Cell_2284	4	no
Cell_2285	4	no
Cell_2286	6	no
Cell_2287	5	no
Cell_2288	5	no
Cell_2289	6	no
Cell_2290	4	no
Cell_2291	4	no
Cell_2292	4	no
Cell_2293	4	no
Cell_2294	3	no
Cell_2295	5	yes
Cell_2296	3	no
Cell_2297	3	no
Cell_2298	4	no
Cell_2299	3	no
Cell_2300	1	no
Cell_2301	4	no
Cell_2302	3	no
Cell_2303	4	no
Cell_2304	1	no
Cell_2305	4	no
Cell_2306	4	no
Cell_2307	7	no
Cell_2308	3	no
Cell_2309	4	no
Cell_2310	3	no
Cell_2311	6	no
Cell_2312	3	no
Cell_2313	4	no
Cell_2314	3	no
Cell_2315	4	no
Cell_2316	1	no
Cell_2317	1	no
Cell_2318	6	no
Cell_2319	4	no
Cell_2320	3	no
Cell_2321	4	no
Cell_2322	6	no
Cell_2323	3	no
Cell_2324	4	no
Cell_2325	6	no
Cell_2326	4	no
Cell_2327	4	no
Cell_2328	4	no
Cell_2329	3	no
Cell_2330	1	no
Cell_2331	3	no
Cell_2332	3	no
Cell_2333	6	no
Cell_2334	3	no
Cell_2335	4	no
Cell_2336	3	no
Cell_2337	4	no
Cell_2338	4	no
Cell_2339	4	no
Cell_2340	3	no
Cell_2341	3	no
Cell_2342	3	no
Cell_2343	4	no
Cell_2344	5	no
Cell_2345	3	no
Cell_2346	4	no
Cell_2347	5	no
Cell_2348	4	no
Cell_2349	3	no
Cell_2350	7	yes
Cell_2351	7	no
Cell_2352	5	no
Cell_2353	4	no
Cell_2354	6	no
Cell_2355	4	no
Cell_2356	4	no
Cell_2357	6	no
Cell_2358	4	no
Cell_2359	4	no
Cell_2360	7	no
Cell_2361	4	no
Cell_2362	4	no
Cell_2363	1	no
Cell_2364	1	no
Cell_2365	4	no
Cell_2366	1	no
Cell_2367	4	no
Cell_2368	1	no
Cell_2369	1	no
Cell_2370	2	no
Cell_2371	7	no
Cell_2372	3	no
Cell_2373	5	no
Cell_2374	1	no
Cell_2375	6	no
Cell_2376	4	no
Cell_2377	4	no
Cell_2378	3	no
Cell_2379	3	no
Cell_2380	3	no
Cell_2381	4	no
Cell_2382	1	no
Cell_2383	4	no
Cell_2384	1	no
Cell_2385	1	yes
Cell_2386	4	no
Cell_2387	3	no
Cell_2388	5	no
Cell_2389	5	no
Cell_2390	4	no
Cell_2391	4	no
Cell_2392	4	no
Cell_2393	4	no
Cell_2394	3	no
Cell_2395	6	no
Cell_2396	3	no
Cell_2397	6	no
Cell_2398	4	no
Cell_2399	4	no
Cell_2400	4	no
Cell_2401	3	no
Cell_2402	4	no
Cell_2403	5	yes
Cell_2404	3	no
Cell_2405	4	no
Cell_2406	3	no
Cell_2407	4	no
Cell_2408	4	no
Cell_2409	1	no
Cell_2410	4	no
Cell_2411	6	no
Cell_2412	3	no
Cell_2413	4	no
Cell_2414	3	no
Cell_2415	7	no
Cell_2416	4	no
Cell_2417	4	no
Cell_2418	6	no
Cell_2419	3	no
Cell_2420	4	no
Cell_2421	3	no
Cell_2422	7	no
Cell_2423	5	no
Cell_2424	6	no
Cell_2425	3	no
Cell_2426	4	no
Cell_2427	6	no
Cell_2428	1	no
Cell_2429	4	no
Cell_2430	3	no
Cell_2431	1	no
Cell_2432	3	no
Cell_2433	3	no
Cell_2434	6	no
Cell_2435	4	no
Cell_2436	4	no
Cell_2437	6	no
Cell_2438	4	no
Cell_2439	3	no
Cell_2440	3	no
Cell_2441	6	yes
Cell_2442	4	no
Cell_2443	4	no
Cell_2444	6	no
Cell_2445	3	no
Cell_2446	5	no
Cell_2447	3	no
Cell_2448	7	no
Cell_2449	4	no
Cell_2450	3	no
Cell_2451	4	no
Cell_2452	3	no
Cell_2453	4	no
Cell_2454	7	yes
Cell_2455	4	no
Cell_2456	4	no
Cell_2457	4	no
Cell_2458	7	no
Cell_2459	1	no
Cell_2460	4	no
Cell_2461	4	no
Cell_2462	6	no
Cell_2463	3	no
Cell_2464	7	no
Cell_2465	3	no
Cell_2466	4	no
Cell_2467	1	no
Cell_2468	4	no
Cell_2469	5	no
Cell_2470	4	no
Cell_2471	3	no
Cell_2472	3	no
Cell_2473	4	no
Cell_2474	4	no
Cell_2475	4	no
Cell_2476	4	no
Cell_2477	6	no
Cell_2478	3	no
Cell_2479	3	no
Cell_2480	4	no
Cell_2481	4	no
Cell_2482	4	no
Cell_2483	4	no
Cell_2484	3	no
Cell_2485	3	no
Cell_2486	4	no
Cell_2487	1	no
Cell_2488	4	no
Cell_2489	4	no
Cell_2490	3	no
Cell_2491	7	no
Cell_2492	4	no
Cell_2493	4	no
Cell_2494	4	no
Cell_2495	4	no
Cell_2496	3	no
Cell_2497	1	no
Cell_2498	3	no
Cell_2499	6	no
Cell_2500	3	no
Cell_2501	4	no
Cell_2502	2	no
Cell_2503	3	no
Cell_2504	4	no
Cell_2505	3	no
Cell_2506	4	no
Cell_2507	7	no
Cell_2508	3	no
Cell_2509	3	no
Cell_2510	3	no
Cell_2511	4	no
Cell_2512	5	no
Cell_2513	4	no
Cell_2514	4	no
Cell_2515	3	no
Cell_2516	3	no
Cell_2517	1	no
Cell_2518	3	no
Cell_2519	4	no
Cell_2520	6	no
Cell_2521	4	no
Cell_2522	4	no
Cell_2523	7	yes
Cell_2524	5	no
Cell_2525	3	no
Cell_2526	4	no
Cell_2527	4	no
Cell_2528	4	no
Cell_2529	1	no
Cell_2530	5	no
Cell_2531	4	no
Cell_2532	3	no
Cell_2533	3	no
Cell_2534	5	no
Cell_2535	3	no
Cell_2536	5	no
Cell_2537	4	no
Cell_2538	6	no
Cell_2539	4	no
Cell_2540	3	no
Cell_2541	2	no
Cell_2542	4	no
Cell_2543	4	no
Cell_2544	3	no
Cell_2545	3	no
Cell_2546	4	no
Cell_2547	1	no
Cell_2548	1	no
Cell_2549	4	no
Cell_2550	4	no
Cell_2551	4	no
Cell_2552	1	no
Cell_2553	7	no
Cell_2554	5	no
Cell_2555	4	no
Cell_2556	4	no
Cell_2557	4	no
Cell_2558	4	no
Cell_2559	1	no
Cell_2560	4	no
Cell_2561	6	no
Cell_2562	6	no
Cell_2563	5	no
Cell_2564	6	no
Cell_2565	3	no
Cell_2566	3	no
Cell_2567	5	no
Cell_2568	5	no
Cell_2569	4	no
Cell_2570	6	no
Cell_2571	1	no
Cell_2572	4	no
Cell_2573	1	no
Cell_2574	3	no
Cell_2575	6	no
Cell_2576	7	no
Cell_2577	6	no
Cell_2578	3	no
Cell_2579	3	no
Cell_2580	3	no
Cell_2581	4	no
Cell_2582	1	no
Cell_2583	4	no
Cell_2584	4	no
Cell_2585	4	no
Cell_2586	4	no
Cell_2587	6	no
Cell_2588	4	no
Cell_2589	4	no
Cell_2590	4	no
Cell_2591	5	no
Cell_2592	3	no
Cell_2593	6	no
Cell_2594	7	no
Cell_2595	4	no
Cell_2596	3	no
Cell_2597	4	no
Cell_2598	6	no
Cell_2599	4	no
Cell_2600	4	no
Cell_2601	6	no
Cell_2602	4	no
Cell_2603	4	no
Cell_2604	4	no
Cell_2605	4	no
Cell_2606	1	no
Cell_2607	3	no
Cell_2608	4	no
Cell_2609	4	no
Cell_2610	6	no
Cell_2611	4	no
Cell_2612	6	no
Cell_2613	4	no
Cell_2614	3	no
Cell_2615	3	no
Cell_2616	3	no
Cell_2617	3	no
Cell_2618	3	no
Cell_2619	4	no
Cell_2620	1	no
Cell_2621	4	no
Cell_2622	4	no
Cell_2623	4	no
Cell_2624	4	no
Cell_2625	7	no
Cell_2626	3	no
Cell_2627	3	no
Cell_2628	3	no
Cell_2629	4	no
Cell_2630	1	no
Cell_2631	3	no
Cell_2632	4	no
Cell_2633	3	no
Cell_2634	4	no
Cell_2635	6	no
Cell_2636	5	no
Cell_2637	4	no
Cell_2638	3	no
Cell_2639	3	no
Cell_2640	4	no
Cell_2641	1	no
Cell_2642	6	no
Cell_2643	6	no
Cell_2644	3	no
Cell_2645	6	no
Cell_2646	4	no
Cell_2647	3	no
Cell_2648	6	no
Cell_2649	3	no
Cell_2650	3	no
Cell_2651	6	no
Cell_2652	4	no
Cell_2653	4	no
Cell_2654	3	no
Cell_2655	4	no
Cell_2656	4	no
Cell_2657	4	no
Cell_2658	4	no
Cell_2659	1	no
Cell_2660	4	no
Cell_2661	3	no
Cell_2662	4	no
Cell_2663	4	no
Cell_2664	6	no
Cell_2665	3	no
Cell_2666	1	no
Cell_2667	3	no
Cell_2668	3	no
Cell_2669	6	no
Cell_2670	6	no
Cell_2671	1	no
Cell_2672	6	no
Cell_2673	4	no
Cell_2674	4	no
Cell_2675	3	yes
Cell_2676	4	no
Cell_2677	6	no
Cell_2678	1	no
Cell_2679	6	no
Cell_2680	1	no
Cell_2681	6	no
Cell_2682	3	no
Cell_2683	4	no
Cell_2684	1	no
Cell_2685	4	no
Cell_2686	1	no
Cell_2687	4	no
Cell_2688	1	no
Cell_2689	4	no
Cell_2690	6	no
Cell_2691	4	no
Cell_2692	5	no
Cell_2693	4	no
Cell_2694	1	yes
Cell_2695	4	no
Cell_2696	3	no
Cell_2697	1	no
Cell_2698	4	no
Cell_2699	4	no
Cell_2700	1	yes
Cell_2701	4	no
Cell_2702	1	no
Cell_2703	4	no
Cell_2704	7	yes
Cell_2705	3	no
Cell_2706	1	no
Cell_2707	4	no
Cell_2708	5	no
Cell_2709	4	no
Cell_2710	4	no
Cell_2711	6	no
Cell_2712	4	no
Cell_2713	3	no
Cell_2714	6	no
Cell_2715	6	no
Cell_2716	4	no
Cell_2717	4	no
Cell_2718	6	no
Cell_2719	6	no
Cell_2720	4	no
Cell_2721	4	no
Cell_2722	4	no
Cell_2723	4	no
Cell_2724	4	no
Cell_2725	3	no
Cell_2726	1	no
Cell_2727	3	no
Cell_2728	6	no
Cell_2729	1	no
Cell_2730	4	no
Cell_2731	1	no
Cell_2732	4	no
Cell_2733	4	no
Cell_2734	4	no
Cell_2735	6	no
Cell_2736	4	no
Cell_2737	1	no
Cell_2738	4	no
Cell_2739	3	no
Cell_2740	5	no
Cell_2741	4	no
Cell_2742	4	no
Cell_2743	6	no
Cell_2744	4	no
Cell_2745	4	no
Cell_2746	4	no
Cell_2747	3	no
Cell_2748	5	no
Cell_2749	4	no
Cell_2750	4	no
Cell_2751	4	no
Cell_2752	7	no
Cell_2753	1	no
Cell_2754	1	no
Cell_2755	4	no
Cell_2756	1	no
Cell_2757	6	no
Cell_2758	4	no
Cell_2759	6	no
Cell_2760	6	no
Cell_2761	4	no
Cell_2762	3	no
Cell_2763	4	no
Cell_2764	3	no
Cell_2765	7	no
Cell_2766	3	no
Cell_2767	6	no
Cell_2768	4	no
Cell_2769	1	no
Cell_2770	4	no
Cell_2771	4	no
Cell_2772	4	no
Cell_2773	6	no
Cell_2774	1	no
Cell_2775	6	no
Cell_2776	4	no
Cell_2777	1	no
Cell_2778	4	no
Cell_2779	3	no
Cell_2780	3	no
Cell_2781	4	no
Cell_2782	3	no
Cell_2783	1	yes
Cell_2784	4	no
Cell_2785	4	no
Cell_2786	4	no
Cell_2787	4	no
Cell_2788	3	no
Cell_2789	1	no
Cell_2790	5	yes
Cell_2791	3	no
Cell_2792	3	no
Cell_2793	3	no
Cell_2794	3	no
Cell_2795	3	no
Cell_2796	3	no
Cell_2797	3	no
Cell_2798	4	no
Cell_2799	2	no
Cell_2800	4	no
Cell_2801	4	no
Cell_2802	3	no
Cell_2803	3	no
Cell_2804	3	no
Cell_2805	3	no
Cell_2806	3	no
Cell_2807	4	no
Cell_2808	6	no
Cell_2809	4	no
Cell_2810	1	no
Cell_2811	1	no
Cell_2812	4	no
Cell_2813	5	no
Cell_2814	4	no
Cell_2815	4	no
Cell_2816	4	no
Cell_2817	3	no
Cell_2818	1	yes
Cell_2819	4	no
Cell_2820	4	no
Cell_2821	3	no
Cell_2822	4	no
Cell_2823	3	no
Cell_2824	4	no
Cell_2825	4	no
Cell_2826	4	no
Cell_2827	4	no
Cell_2828	5	no
Cell_2829	4	no
Cell_2830	6	no
Cell_2831	3	no
Cell_2832	4	no
Cell_2833	4	no
Cell_2834	4	no
Cell_2835	4	no
Cell_2836	4	no
Cell_2837	4	no
Cell_2838	5	no
Cell_2839	4	no
Cell_2840	4	no
Cell_2841	6	no
Cell_2842	3	no
Cell_2843	3	no
Cell_2844	6	no
Cell_2845	3	no
Cell_2846	3	no
Cell_2847	6	no
Cell_2848	3	no
Cell_2849	1	no
Cell_2850	3	no
Cell_2851	4	no
Cell_2852	4	no
Cell_2853	7	no
Cell_2854	4	no
Cell_2855	4	no
Cell_2856	6	no
Cell_2857	3	no
Cell_2858	3	no
Cell_2859	6	no
Cell_2860	4	no
Cell_2861	3	no
Cell_2862	6	no
Cell_2863	1	no
Cell_2864	4	no
Cell_2865	3	no
Cell_2866	4	no
Cell_2867	3	no
Cell_2868	4	no
Cell_2869	3	no
Cell_2870	4	no
Cell_2871	3	no
Cell_2872	3	no
Cell_2873	4	no
Cell_2874	6	no
Cell_2875	4	no
Cell_2876	1	no
Cell_2877	1	no
Cell_2878	6	no
Cell_2879	4	no
Cell_2880	1	no
Cell_2881	3	no
Cell_2882	6	no
Cell_2883	6	no
Cell_2884	5	no
Cell_2885	4	no
Cell_2886	5	no
Cell_2887	5	no
Cell_2888	7	yes
Cell_2889	4	no
Cell_2890	3	no
Cell_2891	4	no
Cell_2892	4	no
Cell_2893	4	no
Cell_2894	4	no
Cell_2895	4	no
Cell_2896	3	no
Cell_2897	1	no
Cell_2898	3	no
Cell_2899	4	no
Cell_2900	1	no
Cell_2901	5	no
Cell_2902	4	no
Cell_2903	4	no
Cell_2904	4	no
Cell_2905	3	no
Cell_2906	1	no
Cell_2907	3	no
Cell_2908	4	no
Cell_2909	1	no
Cell_2910	3	no
Cell_2911	4	no
Cell_2912	4	no
Cell_2913	4	no
Cell_2914	3	no
Cell_2915	4	no
Cell_2916	3	no
Cell_2917	3	no
Cell_2918	4	no
Cell_2919	2	no
Cell_2920	6	no
Cell_2921	4	no
Cell_2922	7	no
Cell_2923	3	no
Cell_2924	4	no
Cell_2925	4	no
Cell_2926	4	no
Cell_2927	1	no
Cell_2928	3	no
Cell_2929	3	no
Cell_2930	5	no
Cell_2931	5	no
Cell_2932	5	no
Cell_2933	1	yes
Cell_2934	4	no
Cell_2935	4	no
Cell_2936	3	no
Cell_2937	1	no
Cell_2938	3	no
Cell_2939	1	no
Cell_2940	6	no
Cell_2941	1	no
Cell_2942	4	no
Cell_2943	3	no
Cell_2944	4	no
Cell_2945	4	no
Cell_2946	5	no
Cell_2947	4	no
Cell_2948	4	no
Cell_2949	4	no
Cell_2950	4	no
Cell_2951	6	no
Cell_2952	6	no
Cell_2953	4	no
Cell_2954	1	yes
Cell_2955	3	no
Cell_2956	6	no
Cell_2957	3	no
Cell_2958	7	no
Cell_2959	1	no
Cell_2960	4	no
Cell_2961	3	no
Cell_2962	3	no
Cell_2963	4	no
Cell_2964	4	no
Cell_2965	3	no
Cell_2966	4	no
Cell_2967	3	no
Cell_2968	4	no
Cell_2969	3	no
Cell_2970	3	no
Cell_2971	3	no
Cell_2972	6	no
Cell_2973	1	no
Cell_2974	6	no
Cell_2975	4	no
Cell_2976	4	no
Cell_2977	1	no
Cell_2978	6	no
Cell_2979	4	no
Cell_2980	6	no
Cell_2981	4	no
Cell_2982	4	no
Cell_2983	3	no
Cell_2984	3	no
Cell_2985	4	no
Cell_2986	3	no
Cell_2987	4	no
Cell_2988	3	no
Cell_2989	6	no
Cell_2990	1	no
Cell_2991	4	no
Cell_2992	4	no
Cell_2993	3	no
Cell_2994	3	no
Cell_2995	4	no
Cell_2996	6	no
Cell_2997	6	no
Cell_2998	4	no
Cell_2999	6	no
Cell_3000	4	no
Cell_3001	6	no
Cell_3002	4	no
Cell_3003	4	no
Cell_3004	3	no
Cell_3005	4	no
Cell_3006	1	no
Cell_3007	4	no
Cell_3008	1	no
Cell_3009	4	no
Cell_3010	4	no
Cell_3011	1	no
Cell_3012	3	no
Cell_3013	5	yes
Cell_3014	6	no
Cell_3015	3	no
Cell_3016	4	no
Cell_3017	3	no
Cell_3018	6	no
Cell_3019	4	no
Cell_3020	3	no
Cell_3021	3	no
Cell_3022	5	no
Cell_3023	4	no
Cell_3024	4	no
Cell_3025	4	no
Cell_3026	5	no
Cell_3027	3	no
Cell_3028	5	no
Cell_3029	1	no
Cell_3030	4	no
Cell_3031	7	no
Cell_3032	4	no
Cell_3033	3	no
Cell_3034	1	no
Cell_3035	1	no
Cell_3036	3	no
Cell_3037	4	yes
Cell_3038	7	no
Cell_3039	6	no
Cell_3040	1	no
Cell_3041	4	no
Cell_3042	6	no
Cell_3043	4	no
Cell_3044	6	no
Cell_3045	1	yes
Cell_3046	5	no
Cell_3047	4	no
Cell_3048	3	no
Cell_3049	4	no
Cell_3050	3	no
Cell_3051	2	no
Cell_3052	4	no
Cell_3053	3	no
Cell_3054	4	no
Cell_3055	1	no
Cell_3056	5	no
Cell_3057	4	no
Cell_3058	4	no
Cell_3059	4	no
Cell_3060	3	no
Cell_3061	6	no
Cell_3062	4	no
Cell_3063	4	no
Cell_3064	1	no
Cell_3065	4	no
Cell_3066	4	no
Cell_3067	1	no
Cell_3068	4	no
Cell_3069	3	no
Cell_3070	4	no
Cell_3071	3	no
Cell_3072	1	no
Cell_3073	3	no
Cell_3074	3	no
Cell_3075	4	no
Cell_3076	4	no
Cell_3077	3	no
Cell_3078	4	no
Cell_3079	3	no
Cell_3080	4	no
Cell_3081	4	no
Cell_3082	1	no
Cell_3083	3	no
Cell_3084	6	no
Cell_3085	1	no
Cell_3086	3	no
Cell_3087	6	no
Cell_3088	7	yes
Cell_3089	6	no
Cell_3090	6	no
Cell_3091	3	no
Cell_3092	1	no
Cell_3093	3	no
Cell_3094	4	no
Cell_3095	6	no
Cell_3096	3	no
Cell_3097	3	no
Cell_3098	3	no
Cell_3099	4	no
Cell_3100	4	no
Cell_3101	3	no
Cell_3102	4	no
Cell_3103	1	no
Cell_3104	7	no
Cell_3105	4	no
Cell_3106	3	no
Cell_3107	3	no
Cell_3108	4	no
Cell_3109	3	no
Cell_3110	6	no
Cell_3111	3	no
Cell_3112	3	no
Cell_3113	3	no
Cell_3114	1	no
Cell_3115	3	no
Cell_3116	7	no
Cell_3117	4	no
Cell_3118	6	no
Cell_3119	1	no
Cell_3120	7	no
Cell_3121	7	yes
Cell_3122	3	no
Cell_3123	4	no
Cell_3124	3	no
Cell_3125	4	no
Cell_3126	4	no
Cell_3127	4	no
Cell_3128	4	no
Cell_3129	4	no
Cell_3130	4	no
Cell_3131	4	no
Cell_3132	4	no
Cell_3133	6	no
Cell_3134	4	no
Cell_3135	4	no
Cell_3136	1	no
Cell_3137	4	no
Cell_3138	4	no
Cell_3139	4	no
Cell_3140	4	no
Cell_3141	1	yes
Cell_3142	3	no
Cell_3143	1	yes
Cell_3144	4	no
Cell_3145	4	no
Cell_3146	3	no
Cell_3147	3	no
Cell_3148	5	no
Cell_3149	5	no
Cell_3150	1	no
Cell_3151	3	no
Cell_3152	3	no
Cell_3153	6	no
Cell_3154	4	no
Cell_3155	3	no
Cell_3156	4	no
Cell_3157	4	no
Cell_3158	7	no
Cell_3159	7	no
Cell_3160	6	no
Cell_3161	6	no
Cell_3162	3	no
Cell_3163	6	no
Cell_3164	5	no
Cell_3165	4	no
Cell_3166	3	no
Cell_3167	4	no
Cell_3168	4	no
Cell_3169	4	no
Cell_3170	1	no
Cell_3171	3	no
Cell_3172	3	no
Cell_3173	4	no
Cell_3174	6	no
Cell_3175	4	no
Cell_3176	6	no
Cell_3177	6	no
Cell_3178	1	no
Cell_3179	5	no
Cell_3180	4	no
Cell_3181	4	no
Cell_3182	3	no
Cell_3183	4	no
Cell_3184	4	no
Cell_3185	3	no
Cell_3186	3	no
Cell_3187	2	no
Cell_3188	4	no
Cell_3189	3	no
Cell_3190	4	no
Cell_3191	4	no
Cell_3192	5	no
Cell_3193	4	no
Cell_3194	4	no
Cell_3195	4	no
Cell_3196	4	no
Cell_3197	3	no
Cell_3198	7	no
Cell_3199	4	no
Cell_3200	4	no
Cell_3201	6	no
Cell_3202	3	no
Cell_3203	3	no
Cell_3204	3	no
Cell_3205	3	no
Cell_3206	3	no
Cell_3207	1	no
Cell_3208	1	no
Cell_3209	1	no
Cell_3210	3	no
Cell_3211	4	no
Cell_3212	3	no
Cell_3213	4	no
Cell_3214	4	no
Cell_3215	5	no
Cell_3216	4	no
Cell_3217	3	no
Cell_3218	5	no
Cell_3219	4	no
Cell_3220	5	no
Cell_3221	1	no
Cell_3222	4	no
Cell_3223	1	no
Cell_3224	4	no
Cell_3225	6	no
Cell_3226	4	no
Cell_3227	3	no
Cell_3228	4	no
Cell_3229	1	no
Cell_3230	4	no
Cell_3231	3	no
Cell_3232	4	no
Cell_3233	4	no
Cell_3234	4	no
Cell_3235	4	no
Cell_3236	3	no
Cell_3237	3	no
Cell_3238	6	no
Cell_3239	3	no
Cell_3240	3	no
Cell_3241	4	no
Cell_3242	6	no
Cell_3243	3	no
Cell_3244	3	no
Cell_3245	4	no
Cell_3246	4	no
Cell_3247	1	yes
Cell_3248	3	no
Cell_3249	4	no
Cell_3250	3	no
Cell_3251	3	no
Cell_3252	4	no
Cell_3253	4	no
Cell_3254	6	no
Cell_3255	5	no
Cell_3256	3	no
Cell_3257	3	no
Cell_3258	4	no
Cell_3259	1	no
Cell_3260	4	no
Cell_3261	3	no
Cell_3262	1	no
Cell_3263	1	no
Cell_3264	4	no
Cell_3265	1	no
Cell_3266	4	no
Cell_3267	4	no
Cell_3268	3	no
Cell_3269	3	no
Cell_3270	4	no
Cell_3271	4	no
Cell_3272	4	no
Cell_3273	5	no
Cell_3274	4	no
Cell_3275	3	no
Cell_3276	4	no
Cell_3277	1	no
Cell_3278	3	no
Cell_3279	4	no
Cell_3280	4	no
Cell_3281	4	no
Cell_3282	4	no
Cell_3283	7	no
Cell_3284	6	no
Cell_3285	3	no
Cell_3286	3	no
Cell_3287	3	no
Cell_3288	4	no
Cell_3289	4	no
Cell_3290	3	no
Cell_3291	4	no
Cell_3292	4	no
Cell_3293	1	no
Cell_3294	3	no
Cell_3295	3	no
Cell_3296	4	no
Cell_3297	4	no
Cell_3298	3	no
Cell_3299	4	no
Cell_3300	7	no
Cell_3301	3	no
Cell_3302	4	no
Cell_3303	1	no
Cell_3304	3	no
Cell_3305	5	no
Cell_3306	6	no
Cell_3307	6	no
Cell_3308	3	no
Cell_3309	6	no
Cell_3310	4	no
Cell_3311	2	no
Cell_3312	4	no
Cell_3313	3	no
Cell_3314	3	no
Cell_3315	4	no
Cell_3316	4	no
Cell_3317	3	no
Cell_3318	4	no
Cell_3319	4	no
Cell_3320	3	no
Cell_3321	3	no
Cell_3322	6	no
Cell_3323	3	no
Cell_3324	3	no
Cell_3325	1	no
Cell_3326	4	no
Cell_3327	4	no
Cell_3328	6	no
Cell_3329	4	no
Cell_3330	4	no
Cell_3331	6	no
Cell_3332	3	no
Cell_3333	3	no
Cell_3334	3	no
Cell_3335	4	no
Cell_3336	4	no
Cell_3337	4	no
Cell_3338	4	no
Cell_3339	4	no
Cell_3340	6	no
Cell_3341	3	no
Cell_3342	7	yes
Cell_3343	4	no
Cell_3344	5	no
Cell_3345	4	no
Cell_3346	4	no
Cell_3347	7	no
Cell_3348	4	no
Cell_3349	1	no
Cell_3350	2	no
Cell_3351	4	no
Cell_3352	6	no
Cell_3353	3	no
Cell_3354	4	no
Cell_3355	6	no
Cell_3356	4	no
Cell_3357	3	no
Cell_3358	1	no
Cell_3359	3	no
Cell_3360	7	no
Cell_3361	7	no
Cell_3362	1	no
Cell_3363	6	no
Cell_3364	1	no
Cell_3365	4	no
Cell_3366	4	no
Cell_3367	6	no
Cell_3368	3	no
Cell_3369	1	no
Cell_3370	5	no
Cell_3371	3	no
Cell_3372	4	no
Cell_3373	6	no
Cell_3374	5	no
Cell_3375	4	no
Cell_3376	3	no
Cell_3377	6	no
Cell_3378	6	no
Cell_3379	3	no
Cell_3380	3	no
Cell_3381	1	no
Cell_3382	3	no
Cell_3383	1	no
Cell_3384	3	no
Cell_3385	1	no
Cell_3386	4	no
Cell_3387	4	no
Cell_3388	4	no
Cell_3389	1	no
Cell_3390	4	no
Cell_3391	3	no
Cell_3392	3	no
Cell_3393	1	no
Cell_3394	4	no
Cell_3395	5	no
Cell_3396	6	no
Cell_3397	3	no
Cell_3398	3	no
Cell_3399	4	no
Cell_3400	6	no
Cell_3401	3	no
Cell_3402	3	no
Cell_3403	6	no
Cell_3404	1	yes
Cell_3405	3	no
Cell_3406	4	no
Cell_3407	4	no
Cell_3408	4	no
Cell_3409	6	no
Cell_3410	4	no
Cell_3411	3	no
Cell_3412	4	no
Cell_3413	7	yes
Cell_3414	3	no
Cell_3415	3	no
Cell_3416	3	no
Cell_3417	4	no
Cell_3418	4	no
Cell_3419	3	no
Cell_3420	3	no
Cell_3421	3	no
Cell_3422	6	no
Cell_3423	4	no
Cell_3424	5	yes
Cell_3425	4	no
Cell_3426	4	no
Cell_3427	4	no
Cell_3428	6	no
Cell_3429	3	no
Cell_3430	4	no
Cell_3431	3	no
Cell_3432	4	no
Cell_3433	5	no
Cell_3434	6	no
Cell_3435	3	no
Cell_3436	4	no
Cell_3437	3	no
Cell_3438	3	no
Cell_3439	3	no
Cell_3440	1	no
Cell_3441	1	no
Cell_3442	3	no
Cell_3443	5	no
Cell_3444	4	no
Cell_3445	3	no
Cell_3446	4	no
Cell_3447	4	no
Cell_3448	3	no
Cell_3449	4	no
Cell_3450	5	no
Cell_3451	3	no
Cell_3452	7	no
Cell_3453	6	no
Cell_3454	3	no
Cell_3455	4	no
Cell_3456	4	no
Cell_3457	3	no
Cell_3458	3	no
Cell_3459	7	no
Cell_3460	4	no
Cell_3461	4	no
Cell_3462	4	no
Cell_3463	3	no
Cell_3464	1	no
Cell_3465	3	no
Cell_3466	4	no
Cell_3467	3	no
Cell_3468	3	no
Cell_3469	3	no
Cell_3470	3	no
Cell_3471	4	no
Cell_3472	4	no
Cell_3473	5	no
Cell_3474	3	no
Cell_3475	3	no
Cell_3476	5	no
Cell_3477	3	no
Cell_3478	7	no
Cell_3479	4	no
Cell_3480	3	no
Cell_3481	1	no
Cell_3482	3	no
Cell_3483	4	no
Cell_3484	6	no
Cell_3485	6	no
Cell_3486	6	no
Cell_3487	1	no
Cell_3488	1	no
Cell_3489	3	no
Cell_3490	6	no
Cell_3491	4	no
Cell_3492	3	no
Cell_3493	6	no
Cell_3494	5	no
Cell_3495	3	no
Cell_3496	1	no
Cell_3497	4	no
Cell_3498	6	no
Cell_3499	1	no
Cell_3500	4	no
Cell_3501	4	no
Cell_3502	4	no
Cell_3503	3	no
Cell_3504	6	no
Cell_3505	2	no
Cell_3506	4	no
Cell_3507	4	no
Cell_3508	4	no
Cell_3509	4	no
Cell_3510	3	no
Cell_3511	4	no
Cell_3512	4	no
Cell_3513	4	no
Cell_3514	6	no
Cell_3515	1	no
Cell_3516	1	no
Cell_3517	7	no
Cell_3518	6	no
Cell_3519	1	no
Cell_3520	4	no
Cell_3521	3	no
Cell_3522	3	no
Cell_3523	6	no
Cell_3524	3	yes
Cell_3525	4	no
Cell_3526	4	no
Cell_3527	3	no
Cell_3528	4	no
Cell_3529	1	no
Cell_3530	4	no
Cell_3531	3	no
Cell_3532	1	no
Cell_3533	1	no
Cell_3534	4	no
Cell_3535	5	no
Cell_3536	4	no
Cell_3537	1	no
Cell_3538	1	no
Cell_3539	3	no
Cell_3540	3	no
Cell_3541	7	no
Cell_3542	6	no
Cell_3543	3	no
Cell_3544	3	no
Cell_3545	4	no
Cell_3546	1	no
Cell_3547	3	no
Cell_3548	5	no
Cell_3549	4	no
Cell_3550	3	no
Cell_3551	3	no
Cell_3552	1	no
Cell_3553	7	no
Cell_3554	4	no
Cell_3555	1	no
Cell_3556	4	no
Cell_3557	4	no
Cell_3558	3	no
Cell_3559	6	no
Cell_3560	6	no
Cell_3561	6	no
Cell_3562	1	no
Cell_3563	4	no
Cell_3564	4	no
Cell_3565	4	no
Cell_3566	6	no
Cell_3567	6	no
Cell_3568	4	no
Cell_3569	2	no
Cell_3570	4	no
Cell_3571	3	no
Cell_3572	4	no
Cell_3573	4	no
Cell_3574	3	no
Cell_3575	6	no
Cell_3576	1	no
Cell_3577	4	no
Cell_3578	4	no
Cell_3579	5	no
Cell_3580	1	no
Cell_3581	4	no
Cell_3582	7	yes
Cell_3583	5	no
Cell_3584	4	no
Cell_3585	3	no
Cell_3586	6	no
Cell_3587	5	no
Cell_3588	6	no
Cell_3589	2	no
Cell_3590	4	no
Cell_3591	4	no
Cell_3592	3	no
Cell_3593	6	no
Cell_3594	4	no
Cell_3595	3	no
Cell_3596	5	no
Cell_3597	1	no
Cell_3598	3	no
Cell_3599	4	no
Cell_3600	4	no
Cell_3601	4	no
Cell_3602	4	no
Cell_3603	4	no
Cell_3604	3	no
Cell_3605	3	no
Cell_3606	1	no
Cell_3607	4	no
Cell_3608	6	no
Cell_3609	6	no
Cell_3610	4	no
Cell_3611	1	no
Cell_3612	5	no
Cell_3613	3	no
Cell_3614	3	no
Cell_3615	3	no
Cell_3616	6	no
Cell_3617	3	no
Cell_3618	4	no
Cell_3619	1	no
Cell_3620	4	no
Cell_3621	3	no
Cell_3622	4	no
Cell_3623	3	no
Cell_3624	4	no
Cell_3625	6	no
Cell_3626	6	no
Cell_3627	5	no
Cell_3628	7	no
Cell_3629	3	no
Cell_3630	6	no
Cell_3631	1	no
Cell_3632	3	no
Cell_3633	5	no
Cell_3634	3	no
Cell_3635	5	no
Cell_3636	3	no
Cell_3637	1	no
Cell_3638	4	no
Cell_3639	4	no
Cell_3640	4	no
Cell_3641	5	no
Cell_3642	3	no
Cell_3643	4	no
Cell_3644	1	no
Cell_3645	5	no
Cell_3646	4	no
Cell_3647	4	no
Cell_3648	5	no
Cell_3649	4	no
Cell_3650	7	no
Cell_3651	4	no
Cell_3652	4	no
Cell_3653	6	no
Cell_3654	6	no
Cell_3655	4	no
Cell_3656	3	no
Cell_3657	4	no
Cell_3658	5	no
Cell_3659	3	no
Cell_3660	6	no
Cell_3661	1	no
Cell_3662	1	no
Cell_3663	4	no
Cell_3664	7	no
Cell_3665	3	no
Cell_3666	1	no
Cell_3667	3	no
Cell_3668	3	no
Cell_3669	4	no
Cell_3670	5	no
Cell_3671	2	no
Cell_3672	4	no
Cell_3673	3	no
Cell_3674	1	yes
Cell_3675	4	no
Cell_3676	4	no
Cell_3677	4	no
Cell_3678	4	no
Cell_3679	4	no
Cell_3680	4	no
Cell_3681	4	no
Cell_3682	3	no
Cell_3683	5	no
Cell_3684	6	no
Cell_3685	4	no
Cell_3686	4	no
Cell_3687	3	no
Cell_3688	7	yes
Cell_3689	4	no
Cell_3690	1	no
Cell_3691	1	no
Cell_3692	5	no
Cell_3693	6	no
Cell_3694	4	no
Cell_3695	5	no
Cell_3696	1	no
Cell_3697	3	no
Cell_3698	3	no
Cell_3699	3	no
Cell_3700	4	no
Cell_3701	4	no
Cell_3702	3	no
Cell_3703	4	no
Cell_3704	1	no
Cell_3705	4	no
Cell_3706	6	no
Cell_3707	4	no
Cell_3708	4	no
Cell_3709	3	no
Cell_3710	4	no
Cell_3711	5	no
Cell_3712	5	no
Cell_3713	6	no
Cell_3714	4	no
Cell_3715	3	no
Cell_3716	3	no
Cell_3717	3	no
Cell_3718	1	no
Cell_3719	4	no
Cell_3720	1	no
Cell_3721	1	no
Cell_3722	4	no
Cell_3723	4	no
Cell_3724	4	no
Cell_3725	4	no
Cell_3726	6	no
Cell_3727	3	no
Cell_3728	4	no
Cell_3729	3	no
Cell_3730	4	no
Cell_3731	5	no
Cell_3732	4	no
Cell_3733	4	no
Cell_3734	5	no
Cell_3735	4	no
Cell_3736	4	no
Cell_3737	3	no
Cell_3738	6	no
Cell_3739	4	no
Cell_3740	4	no
Cell_3741	4	no
Cell_3742	4	no
Cell_3743	7	yes
Cell_3744	1	no
Cell_3745	1	no
Cell_3746	3	no
Cell_3747	6	no
Cell_3748	1	no
Cell_3749	4	no
Cell_3750	3	no
Cell_3751	4	no
Cell_3752	2	no
Cell_3753	4	no
Cell_3754	3	no
Cell_3755	4	no
Cell_3756	3	no
Cell_3757	4	no
Cell_3758	4	no
Cell_3759	7	yes
Cell_3760	4	no
Cell_3761	3	no
Cell_3762	1	no
Cell_3763	3	no
Cell_3764	4	no
Cell_3765	3	no
Cell_3766	5	no
Cell_3767	3	no
Cell_3768	4	no
Cell_3769	3	no
Cell_3770	4	no
Cell_3771	4	no
Cell_3772	4	no
Cell_3773	7	no
Cell_3774	4	no
Cell_3775	4	no
Cell_3776	1	no
Cell_3777	6	no
Cell_3778	4	no
Cell_3779	1	no
Cell_3780	7	no
Cell_3781	3	no
Cell_3782	4	no
Cell_3783	4	no
Cell_3784	3	no
Cell_3785	4	no
Cell_3786	4	no
Cell_3787	4	no
Cell_3788	4	no
Cell_3789	1	no
Cell_3790	4	no
Cell_3791	4	no
Cell_3792	3	no
Cell_3793	4	no
Cell_3794	6	no
Cell_3795	4	no
Cell_3796	4	no
Cell_3797	4	no
Cell_3798	1	no
Cell_3799	4	no
Cell_3800	3	no
Cell_3801	1	no
Cell_3802	7	no
Cell_3803	4	no
Cell_3804	4	no
Cell_3805	5	no
Cell_3806	4	no
Cell_3807	4	no
Cell_3808	4	no
Cell_3809	5	no
Cell_3810	5	no
Cell_3811	4	no
Cell_3812	4	no
Cell_3813	5	no
Cell_3814	4	no
Cell_3815	4	no
Cell_3816	6	yes
Cell_3817	6	no
Cell_3818	7	no
Cell_3819	4	no
Cell_3820	6	no
Cell_3821	3	no
Cell_3822	4	no
Cell_3823	4	no
Cell_3824	4	no
Cell_3825	5	no
Cell_3826	4	no
Cell_3827	4	no
Cell_3828	3	no
Cell_3829	3	no
Cell_3830	3	no
Cell_3831	1	no
Cell_3832	4	no
Cell_3833	4	no
Cell_3834	3	no
Cell_3835	5	no
Cell_3836	1	no
Cell_3837	5	no
Cell_3838	1	no
Cell_3839	4	no
Cell_3840	6	no
Cell_3841	4	no
Cell_3842	6	no
Cell_3843	1	no
Cell_3844	7	yes
Cell_3845	1	no
Cell_3846	3	no
Cell_3847	4	no
Cell_3848	3	yes
Cell_3849	1	yes
Cell_3850	4	no
Cell_3851	7	yes
Cell_3852	5	no
Cell_3853	3	no
Cell_3854	4	no
Cell_3855	4	no
Cell_3856	6	no
Cell_3857	3	no
Cell_3858	6	no
Cell_3859	3	no
Cell_3860	3	no
Cell_3861	2	no
Cell_3862	1	no
Cell_3863	4	no
Cell_3864	1	no
Cell_3865	3	no
Cell_3866	3	no
Cell_3867	4	no
Cell_3868	4	no
Cell_3869	3	no
Cell_3870	3	no
Cell_3871	1	no
Cell_3872	3	no
Cell_3873	1	yes
Cell_3874	6	no
Cell_3875	3	no
Cell_3876	4	no
Cell_3877	3	no
Cell_3878	3	no
Cell_3879	3	no
Cell_3880	4	no
Cell_3881	4	no
Cell_3882	1	no
Cell_3883	1	no
Cell_3884	5	no
Cell_3885	6	no
Cell_3886	4	no
Cell_3887	4	no
Cell_3888	6	no
Cell_3889	4	no
Cell_3890	4	no
Cell_3891	4	no
Cell_3892	4	no
Cell_3893	3	no
Cell_3894	3	no
Cell_3895	4	no
Cell_3896	4	no
Cell_3897	6	no
Cell_3898	3	no
Cell_3899	4	no
Cell_3900	4	no
Cell_3901	3	no
Cell_3902	4	no
Cell_3903	3	no
Cell_3904	4	no
Cell_3905	6	no
Cell_3906	3	no
Cell_3907	4	no
Cell_3908	4	no
Cell_3909	6	no
Cell_3910	3	no
Cell_3911	3	no
Cell_3912	1	no
Cell_3913	3	no
Cell_3914	3	no
Cell_3915	4	no
Cell_3916	6	no
Cell_3917	6	no
Cell_3918	4	no
Cell_3919	6	no
Cell_3920	2	no
Cell_3921	3	no
Cell_3922	3	no
Cell_3923	4	no
Cell_3924	3	no
Cell_3925	4	no
Cell_3926	3	no
Cell_3927	3	no
Cell_3928	6	no
Cell_3929	4	no
Cell_3930	3	no
Cell_3931	4	no
Cell_3932	4	no
Cell_3933	3	no
Cell_3934	3	no
Cell_3935	3	no
Cell_3936	3	no
Cell_3937	4	no
Cell_3938	6	no
Cell_3939	4	no
Cell_3940	4	no
Cell_3941	1	no
Cell_3942	4	no
Cell_3943	4	no
Cell_3944	3	no
Cell_3945	3	no
Cell_3946	4	no
Cell_3947	6	no
Cell_3948	4	no
Cell_3949	3	no
Cell_3950	4	no
Cell_3951	4	no
Cell_3952	1	no
Cell_3953	7	no
Cell_3954	4	no
Cell_3955	3	no
Cell_3956	3	no
Cell_3957	3	no
Cell_3958	3	no
Cell_3959	6	no
Cell_3960	4	no
Cell_3961	5	no
Cell_3962	6	no
Cell_3963	4	no
Cell_3964	4	no
Cell_3965	5	no
Cell_3966	6	no
Cell_3967	4	no
Cell_3968	2	no
Cell_3969	3	no
Cell_3970	5	yes
Cell_3971	3	no
Cell_3972	4	no
Cell_3973	4	no
Cell_3974	3	no
Cell_3975	3	no
Cell_3976	4	no
Cell_3977	4	no
Cell_3978	3	no
Cell_3979	4	no
Cell_3980	7	no
Cell_3981	7	no
Cell_3982	5	no
Cell_3983	4	no
Cell_3984	4	no
Cell_3985	6	no
Cell_3986	4	no
Cell_3987	1	yes
Cell_3988	6	no
Cell_3989	3	no
Cell_3990	4	no
Cell_3991	4	no
Cell_3992	3	no
Cell_3993	5	no
Cell_3994	4	no
Cell_3995	3	yes
Cell_3996	7	yes
Cell_3997	4	no
Cell_3998	3	no
Cell_3999	4	no
Cell_4000	3	no
Cell_4001	3	no
Cell_4002	3	no
Cell_4003	3	no
Cell_4004	1	no
Cell_4005	1	no
Cell_4006	6	no
Cell_4007	4	no
Cell_4008	4	no
Cell_4009	6	no
Cell_4010	4	no
Cell_4011	5	no
Cell_4012	4	no
Cell_4013	4	no
Cell_4014	3	no
Cell_4015	3	no
Cell_4016	4	no
Cell_4017	4	no
Cell_4018	3	no
Cell_4019	3	no
Cell_4020	6	no
Cell_4021	6	no
Cell_4022	4	no
Cell_4023	5	yes
Cell_4024	3	no
Cell_4025	4	no
Cell_4026	4	no
Cell_4027	4	no
Cell_4028	4	no
Cell_4029	3	no
Cell_4030	4	no
Cell_4031	6	no
Cell_4032	4	no
Cell_4033	5	no
Cell_4034	1	no
Cell_4035	4	no
Cell_4036	5	no
Cell_4037	4	no
Cell_4038	3	no
Cell_4039	4	no
Cell_4040	6	no
Cell_4041	6	no
Cell_4042	3	no
Cell_4043	4	no
Cell_4044	3	no
Cell_4045	4	no
Cell_4046	5	no
Cell_4047	4	no
Cell_4048	3	no
Cell_4049	5	yes
Cell_4050	1	no
Cell_4051	2	no
Cell_4052	6	no
Cell_4053	4	no
Cell_4054	3	no
Cell_4055	4	no
Cell_4056	3	no
Cell_4057	3	no
Cell_4058	3	no
Cell_4059	1	no
Cell_4060	7	no
Cell_4061	4	no
Cell_4062	6	no
Cell_4063	1	no
Cell_4064	1	no
Cell_4065	3	no
Cell_4066	4	no
Cell_4067	4	no
Cell_4068	1	no
Cell_4069	4	no
Cell_4070	4	no
Cell_4071	4	no
Cell_4072	4	no
Cell_4073	4	no
Cell_4074	6	no
Cell_4075	4	no
Cell_4076	4	no
Cell_4077	4	no
Cell_4078	1	no
Cell_4079	5	no
Cell_4080	7	yes
Cell_4081	3	no
Cell_4082	1	no
Cell_4083	6	no
Cell_4084	4	no
Cell_4085	4	no
Cell_4086	1	no
Cell_4087	4	no
Cell_4088	3	no
Cell_4089	2	no
Cell_4090	7	no
Cell_4091	2	no
Cell_4092	3	no
Cell_4093	4	no
Cell_4094	4	no
Cell_4095	4	no
Cell_4096	4	no
Cell_4097	3	no
Cell_4098	1	yes
Cell_4099	6	no
Cell_4100	4	no
Cell_4101	5	no
Cell_4102	4	no
Cell_4103	4	no
Cell_4104	4	no
Cell_4105	4	no
Cell_4106	4	no
Cell_4107	3	no
Cell_4108	3	no
Cell_4109	4	no
Cell_4110	1	no
Cell_4111	1	no
Cell_4112	7	no
Cell_4113	1	no
Cell_4114	1	no
Cell_4115	7	no
Cell_4116	3	no
Cell_4117	3	no
Cell_4118	1	no
Cell_4119	4	no
Cell_4120	4	no
Cell_4121	1	no
Cell_4122	3	no
Cell_4123	4	no
Cell_4124	6	no
Cell_4125	4	no
